name,num_female,num_male
Aaden,0,1
Aaliyah,15,0
Aarav,0,1
Aaron,9,129
Ab,0,5
Abagail,10,0
Abb,0,3
Abbey,31,0
Abbie,94,2
Abbigail,14,0
Abbott,0,2
Abby,65,0
Abdiel,0,1
Abdul,0,22
Abdullah,0,12
Abe,0,78
Abel,0,128
Abelardo,0,1
Abie,0,1
Abigail,85,0
Abigale,9,0
Abigayle,11,0
Abner,0,56
Abraham,0,129
Abram,0,85
Abril,11,0
Ace,0,15
Acey,0,1
Achsah,1,0
Acie,0,12
Acy,0,1
Ada,111,10
Adah,38,0
Adalberto,0,1
Adaline,45,0
Adalyn,2,0
Adalynn,1,0
Adam,0,129
Adamaris,2,0
Adams,0,1
Adan,0,67
Add,0,4
Adda,21,0
Addie,82,20
Addison,15,75
Addisyn,3,0
Addyson,5,0
Adel,1,0
Adela,78,0
Adelaide,72,0
Adelard,0,5
Adelbert,0,46
Adele,90,0
Adelia,49,0
Adelina,52,0
Adeline,84,0
Adell,61,0
Adella,57,0
Adelle,36,0
Adelyn,2,0
Aden,0,12
Adilene,1,0
Adin,0,2
Adina,1,0
Adison,3,0
Aditya,0,8
Adlai,0,3
Adline,21,0
Admiral,0,3
Adolf,0,23
Adolfo,0,99
Adolph,0,90
Adolphus,0,68
Adonis,0,16
Adrain,0,19
Adria,10,0
Adrian,43,129
Adriana,49,0
Adriane,18,0
Adrianna,32,0
Adrianne,37,0
Adriel,0,7
Adrien,0,11
Adriene,2,0
Adrienne,110,0
Adron,0,2
Adyson,3,0
Aedan,0,4
Affie,1,0
Afton,13,0
Agatha,63,0
Aggie,16,0
Agnes,92,13
Agness,3,0
Agusta,2,0
Agustin,0,88
Agustus,0,1
Ah,0,2
Ahmad,0,35
Ahmed,0,33
Aida,63,0
Aidan,0,19
Aiden,0,14
Aidyn,0,3
Aileen,127,0
Ailene,1,0
Aili,2,0
Aimee,80,0
Ainsley,8,0
Aisha,36,0
Aiyana,10,0
Aja,22,0
Akeelah,1,0
Akeem,0,14
Akira,4,1
Al,0,107
Ala,1,0
Alabama,1,0
Alaina,31,0
Alan,0,126
Alana,63,0
Alani,5,0
Alanna,35,0
Alannah,3,0
Alanzo,0,1
Alayna,18,0
Alba,18,1
Albert,15,129
Alberta,91,0
Albertha,59,0
Albertina,15,0
Albertine,40,0
Alberto,0,117
Albertus,0,2
Albin,0,60
Albina,52,0
Albion,0,7
Alby,0,1
Alcee,0,1
Alcide,0,15
Alcie,2,0
Alda,58,0
Alden,0,106
Aldo,0,72
Aldona,5,0
Aleah,15,0
Alease,4,0
Alec,0,97
Alecia,37,0
Aleck,0,5
Aleen,3,0
Aleena,5,0
Alejandra,37,0
Alejandro,0,95
Alek,0,5
Alena,19,0
Alene,58,0
Alesha,22,0
Alesia,11,0
Alessandra,22,0
Alessandro,0,11
Aleta,20,0
Aletha,60,0
Alethea,2,0
Alex,17,129
Alexa,36,0
Alexande,0,1
Alexander,7,129
Alexandr,1,0
Alexandra,74,0
Alexandre,0,11
Alexandrea,16,0
Alexandria,40,0
Alexandro,0,20
Alexia,27,0
Alexina,2,0
Alexis,65,51
Alexus,18,0
Alexys,6,0
Alexzander,0,9
Alf,0,27
Alferd,0,2
Alfie,0,2
Alfonse,0,4
Alfonso,0,125
Alfonzo,0,46
Alford,0,76
Alfred,1,129
Alfreda,82,0
Alfredo,0,119
Alger,0,5
Algernon,0,1
Algie,0,16
Algot,0,1
Ali,18,40
Alia,14,0
Aliana,2,0
Alice,129,34
Alicia,125,0
Alida,37,0
Alijah,0,8
Alina,31,0
Aline,74,0
Alisa,56,0
Alisha,45,0
Alison,69,0
Alissa,43,0
Alisson,1,0
Alivia,14,0
Aliya,10,0
Aliyah,15,0
Aliza,9,0
Alize,11,0
Alla,4,0
Allan,0,129
Allean,8,0
Alleen,1,0
Allen,0,129
Allena,1,0
Allene,66,0
Allie,93,52
Alline,19,0
Allison,63,49
Allisson,1,0
Ally,11,0
Allyn,1,16
Allyson,54,0
Allyssa,16,0
Alma,129,36
Almeda,57,0
Almedia,2,0
Almer,0,9
Almeta,18,0
Almina,1,0
Almira,26,0
Almon,0,24
Almond,0,3
Almus,0,1
Almyra,1,0
Alois,0,50
Aloma,2,0
Alondra,15,0
Alonso,0,24
Alonza,0,36
Alonzo,0,129
Aloys,0,1
Aloysius,0,61
Alpha,63,22
Alpheus,0,12
Alphons,0,1
Alphonse,0,83
Alphonsine,4,0
Alphonso,0,107
Alphonsus,0,8
Alston,0,1
Alta,77,3
Altha,55,0
Althea,93,0
Altie,9,0
Alto,0,9
Alton,0,120
Alva,71,82
Alvah,0,29
Alvan,0,3
Alvaro,0,51
Alvena,26,0
Alver,0,1
Alvera,25,0
Alverda,10,0
Alverta,39,0
Alvia,0,3
Alvie,0,69
Alvin,0,129
Alvina,63,0
Alvira,4,0
Alvis,0,69
Alvy,0,3
Alwilda,1,0
Alwin,0,1
Alwina,2,0
Alwine,1,0
Alyce,80,0
Alycia,25,0
Alys,2,0
Alysa,16,0
Alyse,7,0
Alysha,17,0
Alysia,25,0
Alyson,49,0
Alyssa,46,0
Alyssia,3,0
Alyvia,2,0
Alzina,1,0
Ama,2,0
Amado,0,2
Amalia,54,0
Amalie,2,0
Amanda,129,12
Amani,13,0
Amara,9,0
Amare,0,4
Amari,13,12
Amarion,0,5
Amaris,6,0
Amasa,0,1
Amaya,10,0
Amber,92,0
Amberly,4,0
Ambers,0,1
Ambrose,0,71
Amelia,129,0
Amelie,9,0
America,36,0
Americo,0,22
Amerigo,0,1
Amey,1,0
Ami,19,0
Amiah,1,0
Amie,71,0
Amil,0,1
Amin,0,1
Amina,8,0
Amir,0,33
Amira,11,0
Amirah,2,0
Amit,0,9
Amiya,8,0
Amiyah,6,0
Amma,2,0
Ammie,12,0
Ammon,0,11
Amon,0,4
Amos,0,123
Amparo,9,0
Amy,129,8
Amya,9,0
Ana,113,0
Anabel,15,0
Anabella,1,0
Anabelle,4,0
Anahi,12,0
Anais,7,0
Ananias,0,2
Anastacia,2,0
Anastacio,0,4
Anastasia,103,0
Anatole,0,1
Anaya,9,0
Ancel,0,3
Ancil,0,1
Anders,0,1
Anderson,0,122
Andon,0,1
Andra,10,16
Andrae,0,5
Andre,0,88
Andrea,121,33
Andreas,0,42
Andres,0,123
Andrew,8,129
Andria,28,0
Andy,0,129
Anfernee,0,3
Angel,53,103
Angela,129,8
Angele,1,0
Angeles,2,0
Angelia,36,0
Angelic,5,0
Angelica,50,0
Angelina,129,0
Angeline,104,0
Angelique,47,0
Angelita,81,0
Angella,4,0
Angelo,0,127
Angie,129,0
Angus,0,53
Anibal,0,4
Anice,1,0
Anie,2,0
Anika,21,0
Anissa,25,0
Anita,125,0
Anitra,7,0
Aniya,10,0
Aniyah,10,0
Anjali,5,0
Anjanette,8,0
Anjelica,9,0
Ann,129,1
Anna,129,38
Annabel,62,0
Annabell,49,0
Annabella,8,0
Annabelle,85,0
Annalise,11,0
Annamae,30,0
Annamarie,32,0
Anne,129,0
Anneliese,1,0
Annemarie,32,0
Anner,17,0
Annetta,87,0
Annette,128,0
Annice,1,0
Annie,129,39
Annika,14,0
Annis,50,0
Annmarie,58,0
Anona,2,0
Ansel,0,15
Ansley,13,0
Anson,0,20
Anthoney,0,1
Anthony,24,129
Antione,0,21
Antionette,36,0
Antoine,0,73
Antoinette,121,0
Anton,0,129
Antone,0,63
Antonetta,2,0
Antonette,47,0
Antonia,127,14
Antonina,4,0
Antonio,0,129
Antony,0,53
Antwain,0,4
Antwan,0,39
Antwon,0,21
Anwar,0,6
Anya,14,0
April,70,0
Ara,36,0
Arabella,10,0
Araceli,41,0
Aracely,10,0
Arah,1,0
Araminta,2,0
Arba,0,1
Arbie,0,1
Arch,0,40
Archer,0,8
Archibald,0,46
Archie,1,109
Ardath,2,0
Ardelia,12,0
Ardell,27,19
Ardella,53,0
Ardelle,3,0
Arden,3,62
Ardeth,4,0
Ardis,42,0
Ardith,37,0
Ardyce,3,0
Areli,7,0
Arely,9,0
Aretha,11,0
Argie,1,0
Ari,0,40
Aria,10,0
Ariana,30,0
Ariane,1,0
Arianna,24,0
Aric,0,33
Arie,29,0
Ariel,31,42
Ariella,1,0
Arielle,27,0
Arietta,1,0
Arizona,28,0
Arjun,0,8
Arkie,2,0
Arla,10,0
Arlan,0,22
Arland,0,8
Arleen,55,0
Arlen,0,38
Arlena,10,0
Arlene,117,0
Arleth,1,0
Arletta,5,0
Arley,1,33
Arlie,34,77
Arlin,0,32
Arline,65,0
Arlington,0,11
Arlis,0,5
Arlo,0,35
Arly,1,0
Arlyn,0,9
Arlyne,1,0
Arman,0,1
Armand,0,101
Armando,0,101
Armani,11,15
Armida,10,0
Armin,0,3
Arminda,6,0
Arminta,13,0
Armond,0,24
Armstead,0,4
Arnav,0,6
Arne,0,17
Arnett,0,2
Arnetta,1,0
Arnie,0,7
Arno,0,10
Arnold,0,125
Arnoldo,0,9
Arnulfo,0,34
Aron,0,118
Arra,3,0
Arrie,30,0
Arron,0,32
Arsenio,0,3
Art,0,73
Arta,2,0
Artelia,1,0
Arther,0,70
Arthor,0,1
Arthur,28,129
Artie,63,74
Artis,0,61
Arturo,0,100
Arvel,0,28
Arvid,0,55
Arvil,0,37
Arvilla,53,0
Arvin,0,35
Arvo,0,1
Aryan,0,7
Aryana,7,0
Aryanna,9,0
Asa,0,102
Asberry,0,5
Asbury,0,13
Asha,13,0
Ashanti,18,0
Ashby,0,8
Ashely,13,0
Asher,0,25
Ashlea,5,0
Ashlee,33,0
Ashleigh,31,0
Ashley,45,91
Ashli,13,0
Ashlie,20,0
Ashly,27,0
Ashlyn,23,0
Ashlynn,17,0
Ashton,20,34
Ashtyn,6,0
Asia,30,0
Ason,3,0
Aspen,16,0
Assunta,3,0
Astrid,14,0
Atha,15,1
Athena,53,0
Atlas,0,2
Atticus,0,6
Attie,9,0
Attilio,0,5
Aubra,0,1
Aubree,17,0
Aubrey,36,123
Aubrie,8,0
Audie,36,27
Audley,0,4
Audra,85,0
Audrey,129,33
Audriana,1,0
Audrianna,1,0
Audrina,2,0
Audry,18,0
Audy,0,1
August,0,129
Augusta,65,16
Auguste,0,1
Augustin,0,7
Augustina,1,0
Augustine,51,104
Augustus,0,106
Aura,13,0
Aurelia,71,0
Aurelio,0,37
Aurilla,1,0
Aurora,126,0
Aurore,14,0
Aurthur,0,2
Austen,0,20
Austin,2,129
Auston,0,6
Austyn,0,11
Auther,0,37
Author,0,26
Authur,0,14
Autry,0,4
Autumn,40,0
Ava,119,0
Avah,1,0
Averi,1,0
Averie,5,0
Avery,20,129
Avie,10,0
Avis,87,0
Avon,0,1
Axel,0,51
Ayaan,0,1
Ayana,21,0
Ayanna,22,0
Aydan,0,6
Ayden,0,10
Aydin,0,5
Ayesha,2,0
Ayla,22,0
Aylin,11,0
Azalee,1,0
Azaria,2,0
Azul,2,0
Azzie,3,0
Babe,0,3
Babette,6,0
Baby,15,22
Babyboy,0,2
Bailee,15,0
Bailey,26,49
Baker,0,1
Baldwin,0,1
Ballard,0,11
Bama,9,0
Bambi,17,0
Banks,0,3
Barb,10,0
Barbara,129,34
Barbie,8,0
Barbra,41,0
Barnard,0,1
Barnett,0,4
Barney,0,96
Barnie,0,3
Baron,0,21
Barrett,0,57
Barrie,0,7
Barron,0,14
Barry,0,97
Bart,0,81
Bartholomew,0,33
Bartley,0,6
Barton,0,89
Bascom,0,13
Basil,0,92
Baxter,0,38
Bayard,0,2
Baylee,14,0
Baylie,1,0
Bea,5,0
Beadie,1,0
Beatrice,123,8
Beatrix,1,0
Beatriz,58,0
Beau,0,41
Beaulah,44,0
Bebe,2,0
Beckett,0,3
Beckham,0,2
Beckie,5,0
Becky,67,0
Beda,8,0
Bedford,0,11
Bee,2,24
Beecher,0,6
Belen,9,0
Belia,1,0
Belinda,61,0
Bell,35,1
Bella,61,0
Belle,55,0
Belton,0,5
Belva,72,0
Ben,0,129
Bena,3,0
Benard,0,1
Benedict,0,82
Benita,63,0
Benito,0,104
Benjaman,0,20
Benjamen,0,9
Benjamin,0,129
Benjamine,0,17
Benji,0,3
Benjiman,0,53
Benjman,0,1
Bennett,0,124
Bennie,76,112
Benny,0,123
Benson,0,12
Bentley,0,5
Benton,0,82
Berdie,20,0
Berenice,52,0
Berkley,0,1
Berlin,0,1
Bernadette,113,0
Bernadine,85,0
Bernard,0,129
Bernardine,37,0
Bernardo,0,63
Berneice,37,0
Bernetta,8,0
Bernhard,0,18
Bernice,104,52
Bernie,0,91
Berniece,54,0
Bernita,35,0
Berry,0,92
Bert,4,104
Berta,69,0
Bertha,106,27
Bertie,68,24
Bertina,2,0
Berton,0,16
Bertram,0,90
Bertrand,0,58
Beryl,78,35
Bess,47,0
Besse,23,0
Bessie,95,23
Beth,114,0
Betha,1,0
Bethann,2,0
Bethany,60,0
Bethel,47,2
Bethzy,1,0
Betsey,4,0
Betsy,114,0
Bette,57,0
Bettie,83,0
Bettina,21,0
Betty,117,25
Bettye,50,0
Bettyjane,3,0
Bettylou,8,0
Beula,18,0
Beulah,80,1
Bev,3,0
Beverlee,9,0
Beverley,46,0
Beverly,95,69
Beyonce,1,0
Bianca,36,0
Biddie,7,0
Bilal,0,2
Bill,0,114
Billie,111,102
Billy,26,127
Billye,23,0
Bina,6,0
Bird,6,7
Birdella,1,0
Birdie,68,0
Birt,0,11
Birtha,27,0
Birtie,20,0
Bishop,0,30
Bjorn,0,1
Blain,0,1
Blaine,0,124
Blair,21,104
Blaise,0,15
Blake,8,78
Blanca,60,0
Blanch,60,0
Blanchard,0,1
Blanche,85,9
Blanchie,1,0
Blane,0,12
Blas,0,2
Blaze,0,9
Bliss,0,1
Blossom,16,0
Bluford,0,3
Bo,0,31
Bob,0,104
Bobbi,51,0
Bobbie,113,72
Bobby,40,98
Bobbye,19,0
Bode,0,1
Bolden,0,1
Bonita,74,0
Bonnie,123,67
Bonny,25,0
Booker,0,74
Boone,0,1
Boris,0,11
Bose,0,1
Boss,0,14
Boston,0,10
Bowman,0,1
Boyce,0,62
Boyd,0,103
Boysie,0,1
Brad,0,68
Braden,0,36
Bradford,0,104
Bradley,0,123
Bradly,0,48
Brady,0,125
Bradyn,0,7
Braeden,0,13
Braedon,0,10
Braelyn,3,0
Braiden,0,10
Brain,0,25
Branch,0,1
Brandan,0,22
Brande,1,0
Brandee,14,0
Branden,0,39
Brandi,42,0
Brandie,26,0
Brandin,0,6
Brandon,8,59
Brandt,0,13
Brandy,41,7
Brandyn,0,16
Brannon,0,21
Branson,0,11
Brant,0,48
Brantley,0,1
Braulio,0,3
Braxton,0,25
Brayan,0,13
Brayden,0,18
Braydon,0,13
Braylen,0,4
Braylon,0,5
Brea,3,0
Breana,20,0
Breann,16,0
Breanna,30,0
Breanne,22,0
Bree,14,0
Brenda,81,4
Brendan,0,65
Brenden,0,32
Brendon,0,42
Brenna,37,0
Brennan,0,42
Brennen,0,22
Brennon,0,7
Brent,0,77
Brenton,0,43
Breonna,11,0
Bret,0,51
Brett,1,63
Bria,18,0
Brian,14,84
Briana,35,0
Brianda,1,0
Brianna,33,0
Brianne,28,0
Brice,0,74
Bridger,0,4
Bridget,129,0
Bridgett,35,0
Bridgette,45,0
Brielle,18,0
Brien,0,19
Brigette,13,0
Brigid,2,0
Brigitte,21,0
Briley,3,0
Brinda,2,0
Brion,0,8
Brionna,11,0
Brisa,9,0
Britany,11,0
Britney,29,0
Britni,11,0
Britny,2,0
Britt,4,26
Britta,1,0
Brittaney,8,0
Brittani,16,0
Brittanie,11,0
Brittany,38,3
Brittnay,1,0
Brittnee,5,0
Brittney,31,0
Brittni,12,0
Brittnie,4,0
Brittny,7,0
Britton,0,14
Brock,0,55
Broderick,0,46
Brodie,0,9
Brody,0,29
Brogan,0,3
Bronson,0,31
Brook,30,17
Brooke,50,0
Brooklyn,19,0
Brooklynn,14,0
Brooks,0,126
Brown,0,30
Bruce,0,129
Bruno,0,102
Bryan,0,119
Bryana,13,0
Bryanna,20,0
Bryant,0,129
Bryce,0,91
Brycen,0,11
Brylee,4,0
Bryn,2,0
Brynlee,1,0
Brynn,19,0
Bryon,0,48
Bryson,0,30
Bryton,0,2
Buck,0,76
Bud,0,86
Budd,0,7
Buddie,0,14
Buddy,0,90
Buel,0,3
Buelah,9,0
Buell,0,4
Buena,12,0
Buffy,11,0
Buford,0,82
Bula,11,0
Bulah,52,0
Buna,7,0
Bunk,0,1
Burdette,0,16
Buren,0,1
Burgess,0,2
Burk,0,1
Burke,0,4
Burl,0,81
Burleigh,0,1
Burley,0,38
Burnell,0,25
Burnett,0,7
Burney,0,5
Burnice,6,2
Burnie,0,5
Burns,0,3
Burr,0,14
Burrel,0,2
Burrell,0,15
Burt,0,93
Burton,0,102
Bush,0,1
Buster,0,78
Butch,0,23
Butler,0,20
Bynum,0,1
Byrd,10,14
Byrdie,6,0
Byron,0,129
Caddie,5,0
Cade,0,26
Caden,0,17
Cadence,7,0
Cael,0,7
Caesar,0,17
Caiden,0,8
Cailyn,3,0
Cain,0,3
Caitlin,33,0
Caitlyn,26,0
Caitlynn,8,0
Cal,0,31
Caldonia,4,0
Cale,0,34
Caleb,0,81
Caleigh,5,0
Calhoun,0,1
Cali,12,0
Calista,9,0
Calla,13,0
Callie,118,12
Callum,0,1
Calvin,0,129
Cam,0,1
Camden,0,19
Cameron,29,90
Cami,3,0
Camila,12,0
Camilla,103,0
Camille,129,5
Camisha,1,0
Cammie,13,0
Campbell,6,8
Camren,0,10
Camron,0,21
Camryn,12,4
Candace,67,0
Candi,30,0
Candice,59,0
Candida,6,0
Candido,0,1
Candis,14,0
Candy,48,0
Candyce,3,0
Cannie,1,0
Cannon,0,6
Canyon,0,1
Cap,0,5
Capitola,7,0
Cappie,1,0
Caprice,1,0
Captain,0,2
Cara,72,0
Caren,36,0
Carey,35,113
Cari,32,0
Carie,11,0
Carin,11,0
Carina,33,0
Carisa,6,0
Carissa,39,0
Carl,10,129
Carla,83,0
Carlee,18,0
Carleen,38,0
Carleigh,1,0
Carlene,52,0
Carleton,0,72
Carley,27,0
Carli,15,0
Carlie,24,7
Carlisle,0,4
Carlo,0,102
Carlos,0,129
Carlota,2,0
Carlotta,29,0
Carlton,0,124
Carly,36,0
Carlyle,0,37
Carlyn,1,0
Carma,14,0
Carmel,50,1
Carmela,90,0
Carmelita,43,0
Carmella,77,0
Carmelo,0,54
Carmen,128,83
Carmine,0,78
Carnell,0,21
Caro,1,0
Carol,126,62
Carolann,18,0
Carole,65,0
Carolee,18,0
Carolina,127,0
Caroline,129,1
Carolyn,129,7
Carolyne,11,0
Carolynn,18,0
Caron,7,0
Carra,5,0
Carri,11,0
Carrie,128,18
Carrol,21,52
Carroll,33,98
Carry,8,0
Carsen,0,1
Carson,13,126
Carter,0,125
Cary,19,109
Caryl,38,0
Caryn,41,0
Cas,0,1
Casandra,39,0
Case,0,3
Casey,42,85
Cash,0,11
Casie,12,0
Casimer,0,24
Casimir,0,38
Casimiro,0,1
Cason,0,7
Casper,0,54
Cass,0,4
Cassandra,67,0
Cassidy,28,9
Cassie,127,1
Cassius,0,16
Cassondra,10,0
Caswell,0,1
Catalina,37,0
Catharine,85,0
Catherine,129,6
Cathern,1,0
Cathey,10,0
Cathi,6,0
Cathie,23,0
Cathleen,72,0
Cathrine,75,0
Cathryn,95,0
Cathy,58,0
Catina,5,0
Cato,0,2
Catrina,27,0
Cayden,0,10
Cayla,20,0
Caylee,1,0
Ceasar,0,2
Cecelia,127,0
Cecil,64,118
Cecile,84,0
Cecilia,129,0
Cecily,5,0
Cedric,0,93
Cedrick,0,28
Ceil,3,0
Celena,6,0
Celesta,7,0
Celeste,129,0
Celestia,6,0
Celestine,83,0
Celestino,0,1
Celia,129,0
Celie,2,0
Celina,49,0
Celine,14,0
Cena,2,0
Ceola,18,0
Cephus,0,4
Cesar,0,61
Ceylon,0,1
Chace,0,1
Chad,0,64
Chadd,0,13
Chadrick,0,11
Chadwick,0,32
Chaim,0,38
Chaka,1,0
Chalmer,0,20
Chalmers,0,6
Champ,0,5
Chana,20,0
Chance,0,43
Chancey,0,2
Chancy,0,5
Chanda,13,0
Chandler,11,31
Chandra,37,0
Chanel,33,0
Chanelle,6,0
Chaney,2,0
Chanie,1,0
Channie,2,0
Channing,1,8
Chantal,17,0
Chante,2,0
Chantel,34,0
Chantelle,22,0
Charissa,10,0
Charisse,14,0
Charity,86,0
Charla,38,0
Charle,0,1
Charlee,3,0
Charleen,35,0
Charlene,93,0
Charles,93,129
Charley,0,97
Charlie,76,129
Charline,37,0
Charlize,5,0
Charlotta,2,0
Charlotte,129,0
Charlottie,3,0
Charls,0,2
Charlsie,1,0
Charlton,0,5
Charly,0,3
Charmaine,67,0
Charolette,8,0
Chas,0,43
Chase,3,38
Chasity,37,0
Chastity,22,0
Chauncey,0,99
Chauncy,0,2
Chaya,24,0
Chaz,0,30
Che,0,7
Chelsea,40,0
Chelsey,26,0
Chelsi,7,0
Chelsie,18,0
Chelsy,2,0
Cher,3,0
Cherelle,2,0
Cheri,49,0
Cherie,64,0
Cherilyn,2,0
Cherise,7,0
Cherish,12,0
Cherrelle,1,0
Cherri,15,0
Cherrie,12,0
Cherry,64,0
Cherryl,3,0
Cheryl,66,1
Cheryle,22,0
Cheryll,15,0
Chesley,0,20
Chessie,1,0
Chester,1,116
Chestina,1,0
Chet,0,30
Cheyanne,18,0
Cheyenne,29,2
Chimere,2,0
Chin,0,10
China,6,0
Chip,0,20
Chiquita,19,0
Chloe,91,0
Chloie,1,0
Chris,36,129
Chrissie,1,0
Chrissy,4,0
Christ,0,44
Christa,55,0
Christal,24,0
Christeen,12,0
Christel,9,0
Christen,28,0
Christena,25,0
Christene,30,0
Christi,39,0
Christian,39,129
Christiana,23,0
Christie,73,0
Christin,28,0
Christina,129,6
Christine,129,0
Christion,0,1
Christop,0,1
Christoper,0,15
Christopher,25,129
Christy,62,2
Chrystal,36,0
Chuck,0,48
Chyna,6,0
Chynna,3,0
Ciara,27,0
Ciarra,2,0
Cicely,2,0
Cicero,0,26
Cielo,2,0
Ciera,21,0
Cierra,24,0
Ciji,2,0
Cilla,1,0
Cinda,23,0
Cindi,21,0
Cindy,71,0
Cinnamon,1,0
Cinthia,2,0
Citlali,6,0
Citlalli,3,0
Clabe,0,1
Claiborne,0,1
Clair,3,85
Claire,129,39
Clara,129,27
Clarabelle,13,0
Clarance,0,70
Clare,116,57
Clarence,3,129
Claribel,25,0
Clarice,85,0
Clarinda,5,0
Clarine,3,0
Clarisa,1,0
Clarissa,119,0
Clark,0,129
Clarke,0,15
Clarnce,0,3
Classie,12,0
Claud,0,76
Claude,12,114
Claudette,44,0
Claudia,129,0
Claudie,58,49
Claudine,70,0
Claudio,0,6
Claudius,0,2
Claus,0,6
Clay,0,129
Clayton,0,129
Clearence,0,6
Cleave,0,7
Cleda,3,0
Clell,0,6
Clella,5,0
Clem,1,69
Clemence,2,1
Clemens,0,19
Clement,0,90
Clemente,0,1
Clementina,1,0
Clementine,74,0
Clemie,1,0
Clemma,1,0
Clemmie,42,1
Clemon,0,2
Cleo,77,76
Cleola,1,0
Cleon,0,29
Cleone,1,0
Cleora,26,0
Cleta,41,0
Cletus,0,71
Cleva,2,0
Cleve,0,72
Cleveland,0,109
Clevie,2,0
Clide,0,2
Cliff,0,94
Cliffie,1,0
Clifford,25,126
Clifton,0,124
Clint,0,114
Clinton,0,129
Clive,0,9
Cloe,5,0
Clora,30,0
Clotilda,1,0
Clotilde,3,0
Clovis,0,41
Cloyd,0,59
Clyda,3,0
Clyde,53,119
Clydie,1,0
Clytie,1,0
Coby,0,36
Codey,0,10
Codi,0,4
Codie,0,7
Cody,13,62
Coen,0,1
Cohen,0,5
Colbert,0,1
Colby,0,41
Cole,0,57
Coleen,47,0
Coleman,0,112
Coleton,0,1
Coletta,14,0
Colette,59,0
Coley,0,8
Colie,0,2
Colin,0,91
Colleen,93,0
Collette,21,0
Collie,0,14
Collier,0,1
Collin,0,53
Collins,0,21
Collis,0,2
Colon,0,2
Colonel,0,21
Colt,0,25
Colten,0,21
Colter,0,1
Colton,0,27
Columbia,2,0
Columbus,0,79
Colvin,0,1
Commodore,0,8
Con,0,1
Conard,0,1
Concepcion,38,0
Concetta,63,0
Concha,9,0
Conley,0,20
Conner,0,22
Connie,119,82
Connor,0,28
Conor,0,32
Conrad,0,129
Constance,120,0
Constantine,0,56
Consuela,2,0
Consuelo,86,0
Contina,2,0
Conway,0,4
Coolidge,0,2
Cooper,0,31
Cora,129,13
Coraima,1,0
Coral,33,0
Coralie,2,0
Corbett,0,7
Corbin,0,25
Corda,18,0
Cordaro,0,1
Cordelia,69,0
Cordell,0,57
Cordella,1,0
Cordero,0,4
Cordia,29,0
Cordie,37,0
Corean,6,0
Corene,49,0
Coretta,3,0
Corey,26,60
Cori,30,0
Corie,1,0
Corina,38,0
Corine,78,0
Corinna,19,0
Corinne,129,0
Corliss,12,0
Cornel,0,1
Cornelia,86,0
Cornelious,0,18
Cornelius,0,129
Cornell,0,72
Cornie,2,0
Corrie,54,0
Corrina,7,0
Corrine,110,0
Corry,0,4
Cortez,0,37
Cortney,27,15
Corwin,0,3
Cory,19,57
Cosmo,0,4
Coty,0,14
Council,0,1
Courtland,0,4
Courtney,51,88
Coy,0,109
Craig,0,108
Crawford,0,60
Creed,0,9
Creola,9,0
Cressie,2,0
Crete,2,0
Cris,0,17
Crissie,1,0
Crissy,3,0
Crista,5,0
Cristal,33,0
Cristen,1,0
Cristi,7,0
Cristian,0,30
Cristin,9,0
Cristina,57,0
Cristine,4,0
Cristobal,0,23
Cristofer,0,6
Cristopher,0,38
Cristy,20,0
Crockett,0,2
Cruz,15,92
Crysta,1,0
Crystal,123,1
Cuba,2,0
Cullen,0,40
Curley,0,25
Curt,0,61
Curtis,0,129
Curtiss,0,45
Cydney,6,0
Cyndi,9,0
Cyntha,2,0
Cynthia,129,8
Cyril,0,82
Cyrus,0,129
Dabney,0,1
Dafne,1,0
Dagmar,18,0
Dagny,1,0
Dahlia,3,0
Daija,6,0
Daijah,1,0
Daisey,13,0
Daisha,7,0
Daisie,10,0
Daisy,129,6
Daisye,1,0
Daja,2,0
Dakoda,0,4
Dakota,19,24
Dakotah,0,8
Dale,65,128
Dalia,14,0
Dallas,10,129
Dallin,0,13
Dalton,0,112
Dalvin,0,4
Damarcus,0,1
Damari,0,2
Damarion,0,6
Damaris,27,0
Dameon,0,9
Damian,0,57
Damien,0,41
Damion,0,40
Damon,0,106
Damond,0,6
Dan,0,120
Dana,105,118
Danae,4,0
Dandre,0,22
Dane,0,64
Daneen,1,0
Danelle,22,0
Danette,27,0
Dangelo,0,21
Dani,3,0
Dania,7,0
Danial,0,60
Danica,23,0
Daniel,18,129
Daniela,36,0
Daniele,3,0
Daniella,28,0
Danielle,69,3
Danika,8,0
Danita,24,0
Dann,0,4
Danna,41,0
Dannie,1,49
Danniel,0,1
Dannielle,4,0
Danny,0,98
Dante,0,74
Danyel,2,0
Danyell,2,0
Danyelle,16,0
Daphne,112,0
Daquan,0,17
Dara,38,0
Darby,9,7
Darci,22,0
Darcie,13,0
Darcy,46,14
Darell,0,27
Daren,0,33
Daria,19,0
Darian,9,38
Dariana,1,0
Darien,0,25
Darin,0,47
Dario,0,36
Darion,0,20
Darius,0,58
Darl,0,1
Darla,51,0
Darleen,46,0
Darlene,94,0
Darline,26,0
Darlyne,1,0
Darnell,0,67
Darold,0,42
Daron,0,36
Darrel,0,86
Darrell,0,115
Darren,0,53
Darrian,0,7
Darrick,0,33
Darrien,0,6
Darrin,0,46
Darrion,0,11
Darrius,0,24
Darron,0,29
Darry,0,6
Darryl,0,77
Darryle,0,7
Darryll,0,3
Darryn,0,2
Darvin,0,14
Darwin,0,104
Darwyn,0,1
Daryl,13,85
Daryle,0,15
Daryn,0,4
Dashawn,0,22
Dasia,10,0
Daulton,0,2
Daunte,0,1
Davante,0,2
Dave,2,114
Davey,0,9
Davian,0,5
David,66,129
Davie,0,13
Davin,0,40
Davina,18,0
Davion,0,18
Davis,0,129
Davon,0,32
Davonta,0,1
Davonte,0,10
Davy,0,4
Dawn,85,0
Dawna,17,0
Dawne,2,0
Dawson,0,24
Dax,0,11
Daxton,0,1
Dayami,1,0
Dayana,11,0
Dayanara,6,0
Dayle,3,0
Dayna,45,0
Dayne,0,1
Dayse,1,0
Dayton,0,76
Deacon,0,5
Dean,16,129
Deana,54,0
Deandra,3,0
Deandre,0,38
Deane,0,17
Deangelo,0,34
Deann,34,0
Deanna,73,0
Deanne,47,0
Deante,0,4
Deasia,5,0
Deb,5,0
Debbi,10,0
Debbie,61,0
Debbra,15,0
Debby,23,0
Debera,1,0
Debi,10,0
Debora,27,0
Deborah,129,11
Deborrah,3,0
Debra,65,7
Debrah,15,0
Debroah,1,0
Declan,0,11
Dedra,15,0
Dedric,0,8
Dedrick,0,16
Dee,61,86
Deeann,6,0
Deedee,12,0
Deegan,0,1
Deena,42,0
Deetta,1,0
Deforest,0,3
Deidra,34,0
Deidre,49,0
Deion,0,9
Deirdre,47,0
Deja,21,0
Dejah,4,0
Dejon,0,2
Dejuan,0,26
Del,0,33
Delaney,18,0
Delano,0,15
Delbert,0,107
Delcie,5,0
Delfina,18,0
Delia,123,0
Deliah,2,0
Delila,11,0
Delilah,99,0
Delina,1,0
Delinda,2,0
Delisa,7,0
Dell,25,64
Della,98,1
Dellar,11,0
Delle,1,0
Dellia,2,0
Dellie,12,0
Delma,68,1
Delmar,0,88
Delmas,0,16
Delmer,0,65
Delmus,0,1
Delois,38,0
Delora,5,0
Delores,83,0
Deloris,63,0
Delos,0,9
Delpha,31,0
Delphia,56,0
Delphin,0,1
Delphine,82,0
Delsie,4,0
Delta,32,0
Delton,0,38
Delvin,0,7
Delwin,0,1
Dema,1,0
Demarco,0,24
Demarcus,0,35
Demario,0,17
Demarion,0,5
Demetra,3,0
Demetri,0,3
Demetria,29,0
Demetric,0,1
Demetrios,0,4
Demetrius,0,55
Demi,8,0
Demian,0,2
Demond,0,12
Demonte,0,2
Dempsey,0,28
Dena,111,0
Deneen,5,0
Denese,1,0
Denice,28,0
Denine,1,0
Denis,0,91
Denise,85,0
Denisha,3,0
Denisse,7,0
Denita,1,0
Dennie,1,44
Dennis,1,129
Denny,0,63
Denton,0,13
Denver,0,108
Denzel,0,18
Denzell,0,3
Denzil,0,38
Deon,0,47
Deondre,0,9
Deonta,0,4
Deontae,0,7
Deonte,0,20
Dequan,0,10
Derald,0,11
Dereck,0,26
Derek,0,65
Dereon,0,2
Deric,0,26
Derick,0,52
Derik,0,26
Derl,0,1
Deron,0,23
Derrek,0,5
Derrell,0,47
Derrick,0,61
Derwin,0,16
Deryl,0,2
Desean,0,3
Deshaun,0,22
Deshawn,0,38
Desi,0,2
Desirae,31,0
Desiree,55,0
Desmond,0,57
Dessa,13,0
Dessie,69,1
Destany,5,0
Destin,0,13
Destinee,20,0
Destiney,15,0
Destini,16,0
Destiny,34,0
Destry,0,1
Devan,8,26
Devante,0,12
Devaughn,0,1
Deven,0,26
Devin,28,52
Devon,29,49
Devonta,0,7
Devontae,0,6
Devonte,0,17
Devyn,16,16
Deward,0,4
Dewayne,0,82
Dewey,3,99
Dewitt,0,81
Dexter,0,122
Deyanira,1,0
Dezzie,2,0
Diallo,0,1
Diamond,23,1
Dian,25,0
Diana,128,0
Diandra,1,0
Diane,98,1
Diann,34,0
Dianna,67,0
Dianne,56,0
Dicie,22,0
Dick,0,89
Dickie,0,33
Dicy,4,0
Diego,0,48
Dijon,0,1
Dillan,0,18
Dillard,0,61
Dillie,16,0
Dillion,0,10
Dillon,0,31
Dimitri,0,17
Dimitrios,0,1
Dimple,19,0
Dina,61,0
Dinah,43,0
Dink,0,2
Dino,0,33
Dion,0,51
Dione,4,0
Dionicio,0,2
Dionne,19,0
Dionte,0,8
Dirk,0,42
Dixie,103,4
Dixon,0,1
Diya,4,0
Djuana,1,0
Djuna,1,0
Doc,0,26
Docia,23,0
Dock,0,63
Doctor,0,15
Dola,4,0
Doll,0,1
Dollie,79,0
Dolly,90,0
Dollye,1,0
Dolores,109,8
Doloris,12,0
Dolph,0,7
Dolphus,0,17
Domenic,0,78
Domenica,7,0
Domenick,0,31
Domenico,0,3
Dominga,29,0
Domingo,0,94
Dominic,0,120
Dominick,0,125
Dominik,0,13
Dominique,43,36
Dominque,10,7
Domonique,13,3
Don,0,122
Dona,91,0
Donaciano,0,1
Donal,0,29
Donald,23,129
Donat,0,1
Donato,0,3
Donavan,0,32
Donavon,0,8
Dondre,0,4
Donell,0,29
Donia,4,0
Donie,23,0
Donita,21,0
Donn,0,47
Donna,128,14
Donnell,0,59
Donnie,75,97
Donny,0,53
Donovan,0,105
Donta,0,20
Dontae,0,22
Donte,0,38
Dora,113,10
Dorathea,1,0
Dorathy,16,0
Dorcas,67,0
Doreen,61,0
Dorene,45,0
Doretha,56,0
Doretta,1,0
Dori,18,0
Dorian,0,54
Dorinda,25,0
Dorine,12,0
Doris,113,39
Dorla,7,0
Dorman,0,11
Dorotha,38,0
Dorothea,91,0
Dorothy,126,48
Dorr,0,1
Dorris,53,11
Dorsey,0,78
Dortha,48,0
Dorthea,4,0
Dorthey,2,0
Dorthy,66,0
Dosha,7,0
Doshia,10,0
Doshie,19,0
Dosia,1,0
Doss,0,7
Dossie,2,0
Dot,4,0
Dottie,79,0
Dotty,1,0
Doug,0,43
Douglas,0,129
Douglass,0,47
Dove,10,0
Dovie,66,0
Dow,0,11
Doyle,0,91
Dozier,0,2
Drake,0,31
Draven,0,14
Drema,6,0
Drew,10,83
Drucilla,30,0
Drury,0,1
Drusilla,16,0
Duane,0,103
Duard,0,1
Dudley,0,90
Duff,0,2
Duke,0,45
Dulce,19,0
Dulcie,17,0
Duncan,0,128
Durell,0,2
Durrell,0,2
Durward,0,34
Durwood,0,32
Dustan,0,2
Dustin,0,41
Dusty,10,44
Duwayne,0,39
Dwain,0,52
Dwaine,0,42
Dwan,1,0
Dwane,0,16
Dwayne,0,88
Dwight,0,125
Dwyane,0,1
Dyan,1,0
Dylan,9,43
Dyllan,0,5
Dylon,0,15
Ean,0,9
Earl,19,127
Earle,0,85
Earlean,15,0
Earlene,54,0
Earley,0,5
Earlie,3,32
Earline,64,0
Early,0,68
Earnest,0,113
Earnestine,59,0
Eartha,11,0
Easter,63,0
Easton,0,14
Eathel,4,0
Ebb,0,8
Ebba,16,0
Ebbie,0,2
Eben,0,13
Ebenezer,0,1
Eber,0,9
Ebert,0,1
Eboni,21,0
Ebony,35,0
Echo,2,0
Ed,0,93
Eda,50,0
Edd,0,70
Eddie,79,129
Eddy,0,73
Eden,23,1
Edgar,1,129
Edgardo,0,32
Edie,7,1
Edison,0,56
Edith,129,19
Edla,2,0
Edmon,0,5
Edmond,0,110
Edmonia,14,0
Edmund,0,117
Edna,111,25
Ednah,2,0
Edra,2,0
Edrie,4,0
Edris,1,0
Edsel,0,27
Edson,0,11
Eduardo,0,103
Edw,0,1
Edward,40,129
Edwardo,0,42
Edwin,0,129
Edwina,88,0
Edyth,43,0
Edythe,70,0
Effa,12,0
Effie,80,11
Efrain,0,59
Efrem,0,5
Efren,0,39
Egbert,0,17
Eileen,126,0
Einar,0,17
Eino,0,16
Eithel,1,0
Ela,3,0
Elaina,36,0
Elaine,122,0
Elam,0,6
Elana,2,0
Elayne,24,0
Elba,3,0
Elbert,0,103
Elberta,19,0
Elbridge,0,5
Elby,0,1
Elda,66,0
Elden,0,56
Elder,0,15
Eldon,0,95
Eldora,56,0
Eldred,0,42
Eldridge,0,77
Eleanor,129,1
Eleanora,60,0
Eleanore,67,0
Elease,30,0
Electa,20,0
Elena,127,0
Eleni,1,0
Elenor,17,0
Elenora,51,0
Elenore,8,0
Eleonora,10,0
Eleonore,2,0
Elex,0,3
Elfie,2,0
Elfreda,1,0
Elfrieda,26,0
Elgie,1,1
Elgin,0,25
Eli,0,129
Elia,3,0
Elian,0,9
Eliana,19,0
Elianna,1,0
Elias,0,129
Elick,0,2
Elida,33,0
Elie,0,23
Eliezer,0,15
Eliga,0,12
Eligah,0,19
Elige,0,13
Elihu,0,4
Elijah,0,129
Elinor,74,0
Elinore,17,0
Eliot,0,13
Elisa,127,0
Elisabeth,129,0
Elise,129,0
Eliseo,0,51
Elisha,29,95
Elissa,60,0
Eliza,118,1
Elizabet,1,0
Elizabeth,129,62
Elizah,0,1
Elizbeth,1,0
Elizebeth,52,0
Ell,0,1
Ella,124,16
Ellamae,4,0
Ellar,9,0
Elle,7,0
Ellen,129,2
Eller,5,0
Ellery,0,5
Elliana,4,0
Ellie,67,20
Elliot,0,111
Elliott,0,129
Ellis,1,129
Ellison,0,6
Ellsworth,0,71
Ellwood,0,32
Ellyn,1,0
Elma,77,0
Elmer,16,128
Elmina,7,0
Elmira,56,0
Elmire,1,0
Elmo,0,78
Elmore,0,66
Elmyra,1,0
Elna,55,0
Elnora,78,0
Elodie,3,0
Elois,19,0
Eloisa,42,0
Eloise,86,0
Elon,0,1
Elonzo,0,1
Elouise,53,0
Eloy,0,64
Elroy,0,71
Elsa,129,0
Else,3,0
Elsie,100,22
Elsworth,0,4
Elta,27,0
Elton,0,107
Elva,91,7
Elvera,45,0
Elvia,5,0
Elvie,45,2
Elvin,0,118
Elvina,41,0
Elvira,99,0
Elvis,0,111
Elwanda,2,0
Elwin,0,64
Elwood,0,90
Elwyn,0,39
Ely,0,10
Elyse,37,0
Elyssa,14,0
Elza,3,45
Elzada,1,0
Elzie,1,65
Elzy,0,3
Ema,4,0
Emaline,7,0
Emanuel,0,129
Emelia,40,0
Emelie,9,0
Emeline,29,0
Emely,14,0
Emerald,11,0
Emerson,7,112
Emery,4,100
Emett,0,1
Emil,0,104
Emile,0,80
Emilee,27,0
Emilia,86,0
Emiliano,0,12
Emilie,104,0
Emilio,0,114
Emily,129,0
Emit,0,3
Emma,129,27
Emmalee,10,0
Emmaline,12,0
Emmanuel,0,64
Emmer,42,0
Emmet,0,52
Emmett,0,129
Emmie,53,0
Emmit,0,45
Emmitt,0,85
Emmons,0,1
Emmy,3,0
Emogene,35,0
Emory,0,94
Emry,0,1
Ena,22,0
Encarnacion,0,2
Enid,66,0
Ennis,0,43
Enoch,0,81
Enola,34,0
Enos,0,44
Enrico,0,13
Enrique,0,117
Enriqueta,1,0
Enzo,0,6
Eola,5,0
Ephraim,0,25
Ephram,0,2
Ephriam,0,14
Epifanio,0,2
Eppie,1,0
Epsie,2,0
Era,57,0
Erasmo,0,1
Erasmus,0,3
Erastus,0,11
Erby,0,1
Eric,15,129
Erica,63,0
Erich,0,52
Erick,0,73
Ericka,38,0
Erie,25,4
Erik,0,69
Erika,52,0
Erin,58,34
Eris,2,0
Erla,1,0
Erland,0,1
Erle,0,4
Erlene,14,0
Erlinda,26,0
Erline,7,0
Erling,0,6
Erma,88,0
Ermina,1,0
Ermine,1,0
Erna,63,0
Ernest,3,129
Ernestina,26,0
Ernestine,93,0
Ernesto,0,104
Ernie,0,102
Ernst,0,32
Errol,0,50
Ervin,0,118
Erving,0,1
Erwin,0,111
Erykah,2,0
Eryn,9,0
Esau,0,5
Esco,0,1
Esequiel,0,1
Esker,0,1
Esley,0,1
Esmeralda,57,0
Esperanza,77,0
Essa,1,0
Essence,18,0
Essex,0,3
Essie,82,20
Esta,57,1
Esteban,0,66
Estefani,3,0
Estefania,12,0
Estefany,2,0
Estel,0,40
Estela,26,0
Estell,53,1
Estella,94,0
Estelle,83,0
Ester,86,5
Estes,0,3
Estevan,0,32
Esther,129,10
Estie,1,0
Estill,0,3
Eston,0,3
Estrella,12,0
Etha,35,0
Ethan,0,64
Ethel,96,32
Ethelbert,0,1
Ethelene,7,0
Ethelyn,58,0
Ethen,0,7
Ether,9,0
Ethie,1,0
Ethyl,41,0
Ethyle,1,0
Etna,13,0
Etta,87,0
Etter,4,0
Ettie,31,0
Eudora,28,0
Eugene,14,129
Eugenia,105,0
Eugenie,39,0
Eugenio,0,10
Eula,81,2
Eulah,40,0
Eulalia,52,0
Eulalie,9,0
Euna,39,0
Eunice,113,8
Euphemia,7,0
Eura,28,0
Eusebio,0,1
Eustace,0,2
Eva,129,13
Evalena,11,0
Evaline,11,0
Evalyn,57,0
Evan,0,129
Evander,0,1
Evangelina,27,0
Evangeline,89,0
Evans,0,61
Eve,115,0
Evelena,2,0
Evelin,7,0
Evelina,22,0
Eveline,33,0
Evelyn,129,8
Evelyne,23,0
Ever,2,0
Everet,0,2
Everett,0,129
Everette,0,90
Evert,0,57
Evertt,0,4
Evette,15,0
Evia,3,0
Evie,59,0
Evita,1,0
Evon,10,0
Evonne,18,0
Ewald,0,15
Ewart,0,1
Ewell,0,36
Ewin,0,2
Ewing,0,11
Exa,4,0
Exie,40,0
Ezekiel,0,93
Ezell,0,33
Ezequiel,0,29
Ezra,0,126
Ezzard,0,3
Fabian,0,53
Fabiola,19,0
Fae,29,0
Fairy,42,0
Faith,127,0
Fallon,15,0
Falon,3,0
Fannie,88,4
Fanny,59,0
Fannye,1,0
Farah,2,0
Faron,0,15
Farrah,7,0
Farrell,0,38
Farris,0,20
Fate,0,24
Fatima,36,0
Faustino,0,4
Fawn,17,0
Fay,89,63
Faye,100,0
Fayette,0,11
Fed,0,1
Federico,0,66
Felecia,31,0
Felice,1,0
Felicia,120,0
Felicie,1,0
Felicitas,1,0
Felicity,11,0
Felipa,2,0
Felipe,0,121
Felisha,18,0
Felix,0,129
Felton,0,72
Fenton,0,8
Ferd,0,15
Ferdinand,0,84
Ferman,0,2
Fern,82,4
Fernand,0,9
Fernanda,13,0
Fernando,0,115
Ferne,51,0
Ferrell,0,4
Ferris,0,8
Festus,0,3
Fidel,0,90
Fidelia,3,0
Fidencio,0,1
Fielding,0,1
Filomena,45,0
Finis,0,41
Finley,4,26
Finn,0,9
Finnegan,0,4
Fiona,18,0
Firman,0,1
Fisher,0,5
Fitzgerald,0,2
Fitzhugh,0,8
Flavia,2,0
Fleda,3,0
Fleet,0,1
Fleeta,1,0
Flem,0,4
Fleming,0,13
Fleta,18,0
Fletcher,0,98
Flint,0,2
Flo,27,0
Flonnie,7,0
Flor,6,0
Flora,93,2
Florance,23,0
Florence,102,34
Florencio,0,2
Florene,38,0
Florentino,0,3
Floretta,2,0
Florian,0,39
Florida,55,0
Florie,3,0
Florine,71,0
Florrie,29,0
Flossie,71,0
Floy,61,3
Floyd,3,119
Foch,0,1
Fonda,10,0
Ford,0,55
Forest,2,103
Forrest,2,124
Foster,0,82
Fount,0,1
Foy,0,23
Fran,26,0
Franc,2,0
Frances,129,66
Francesca,53,0
Francesco,0,36
Francies,1,0
Francina,1,0
Francine,70,0
Francis,100,129
Francisca,86,0
Francisco,0,129
Francisqui,2,0
Franco,0,13
Frank,59,129
Frankie,95,103
Franklin,0,129
Franklyn,0,57
Franz,0,5
Frazier,0,11
Fred,21,123
Freda,96,0
Freddie,71,123
Freddy,0,84
Frederic,0,98
Frederica,8,0
Frederick,0,129
Fredericka,7,0
Fredie,0,1
Fredric,0,67
Fredrick,0,128
Fredy,0,2
Freeda,43,0
Freeman,0,90
Freida,77,0
Fremont,0,2
French,0,13
Frida,8,0
Frieda,79,0
Friend,0,1
Fritz,0,90
Frona,20,0
Fronia,9,0
Fronie,22,0
Fronnie,1,0
Fuller,0,1
Fulton,0,11
Fumiko,3,0
Furman,0,40
Gabe,0,15
Gabriel,14,129
Gabriela,44,0
Gabriella,26,0
Gabrielle,52,0
Gael,0,7
Gaetano,0,20
Gage,0,20
Gaige,0,8
Gail,104,75
Gaines,0,2
Gaither,0,1
Gale,37,72
Galen,0,90
Galilea,6,0
Gannon,0,5
Gardner,0,26
Garett,0,24
Garey,0,5
Garfield,0,71
Garland,0,105
Garner,0,5
Garnet,59,18
Garnett,41,61
Garold,0,28
Garret,0,46
Garrett,0,129
Garrick,0,25
Garrison,0,21
Garry,0,69
Garth,0,71
Garvin,0,2
Gary,4,126
Gasper,0,2
Gaston,0,51
Gauge,0,4
Gaven,0,10
Gavin,0,53
Gavyn,0,8
Gay,79,9
Gaye,31,0
Gayla,37,0
Gayle,76,45
Gaylen,0,10
Gaylene,1,0
Gaylon,0,29
Gaylord,0,65
Gaynell,31,0
Gearld,0,36
Gearldine,31,0
Geary,0,12
Gee,0,4
Gemma,1,0
Gena,52,0
Genaro,0,39
Gene,62,119
General,0,64
Genesis,21,0
Geneva,116,0
Genevieve,129,0
Genevra,1,0
Genie,17,2
Gennaro,0,1
Gennie,12,0
Geno,0,1
Genoveva,3,0
Geo,0,31
Geoff,0,2
Geoffrey,0,70
Georganna,1,0
George,76,129
Georgeann,7,0
Georgeanna,2,0
Georgene,33,0
Georgetta,15,0
Georgette,65,0
Georgia,129,2
Georgiana,73,0
Georgiann,6,0
Georgianna,75,0
Georgie,71,1
Georgina,108,0
Georgine,11,0
Geovanni,0,1
Gerald,4,129
Geraldine,100,0
Geraldo,0,1
Geralyn,16,0
Gerard,0,107
Gerardo,0,62
Gerda,7,0
Gerhard,0,28
Gerhardt,0,1
Geri,32,0
Germaine,51,9
German,0,38
Gerold,0,25
Gerri,25,0
Gerrit,0,5
Gerry,38,54
Gertha,17,0
Gertie,65,0
Gertrude,86,18
Gia,14,0
Giada,2,0
Giana,7,0
Giancarlo,0,20
Gianna,20,0
Gianni,0,12
Gibson,0,2
Gideon,0,24
Gidget,2,0
Gifford,0,3
Gigi,9,0
Gil,0,24
Gilbert,0,129
Gilberto,0,92
Gilda,52,0
Giles,0,65
Gilford,0,1
Gillian,34,0
Gillie,5,0
Gilman,0,1
Gilmer,0,1
Gilmore,0,1
Gina,72,0
Ginger,57,0
Ginny,33,0
Gino,0,69
Giovani,0,7
Giovanna,18,0
Giovanni,0,46
Giovanny,0,12
Girtha,1,0
Gisele,5,0
Giselle,26,0
Gisselle,12,0
Giuliana,2,0
Giuseppe,0,19
Gladis,4,0
Gladstone,0,1
Gladyce,6,0
Gladys,119,16
Glen,0,124
Glenda,79,0
Glendon,0,39
Glendora,6,0
Glenn,14,129
Glenna,92,0
Glennie,29,0
Glennis,2,0
Glenwood,0,9
Glinda,12,0
Gloria,112,5
Glover,0,11
Glynda,13,0
Glynis,5,0
Glynn,0,44
Godfrey,0,36
Goebel,0,1
Golda,55,0
Golden,32,37
Goldia,36,0
Goldie,79,5
Gonzalo,0,67
Gorden,0,10
Gordon,0,129
Gorge,0,2
Gottlieb,0,8
Governor,0,1
Grace,129,24
Gracelyn,5,0
Gracia,2,0
Gracie,104,0
Graciela,61,0
Grady,0,122
Grafton,0,1
Graham,0,124
Grant,0,129
Granville,0,73
Graves,0,1
Gray,0,5
Grayce,45,0
Graydon,0,1
Grayling,0,2
Grayson,0,25
Grecia,1,0
Green,0,36
Greene,0,1
Greg,0,58
Gregg,0,53
Greggory,0,38
Gregoria,9,0
Gregorio,0,102
Gregory,0,123
Greta,106,0
Gretchen,126,0
Gretta,7,0
Greyson,0,14
Griffin,0,39
Griffith,0,1
Grisel,1,0
Griselda,25,0
Grove,0,1
Grover,2,95
Guadalupe,128,116
Guido,0,23
Guilford,0,1
Guillermo,0,92
Gunda,3,0
Gunnar,0,18
Gunner,0,15
Gurney,0,3
Gus,0,98
Guss,0,31
Gussie,67,12
Gust,0,33
Gusta,14,0
Gustaf,0,16
Gustav,0,53
Gustave,0,59
Gustavo,0,64
Gustavus,0,3
Gustie,1,0
Guthrie,0,1
Guy,0,126
Gwen,82,0
Gwenda,3,0
Gwendolyn,123,0
Gwyn,2,0
Gwyneth,1,0
Hadassah,2,0
Haden,0,7
Hadley,10,2
Haiden,0,4
Hailee,17,0
Hailey,27,0
Hailie,9,0
Hakeem,0,10
Hakim,0,1
Hal,0,96
Halbert,0,2
Hale,0,1
Haleigh,19,0
Haley,33,0
Hali,9,0
Halie,16,0
Hall,0,4
Halle,16,0
Halley,1,1
Hallie,95,28
Halsey,0,3
Ham,0,1
Hamilton,0,52
Hamp,0,23
Hampton,0,34
Hamza,0,11
Hana,16,0
Handy,0,6
Hank,0,41
Hanna,58,0
Hannah,129,0
Hans,0,117
Hansel,0,2
Hansford,0,1
Hanson,0,1
Harden,0,1
Hardie,0,6
Hardin,0,8
Harding,0,4
Hardy,0,75
Harl,0,2
Harlan,0,103
Harland,0,56
Harlen,0,12
Harlene,4,0
Harley,18,129
Harlie,0,4
Harlon,0,1
Harlow,0,10
Harm,0,1
Harman,0,3
Harmon,0,76
Harmony,22,0
Harold,16,129
Harper,5,16
Harrell,0,19
Harrie,0,2
Harriet,91,0
Harriett,83,0
Harriette,72,0
Harris,0,94
Harrison,0,129
Harrold,0,1
Harry,15,129
Hart,0,1
Hartley,0,2
Hartwell,0,2
Haruko,1,0
Harve,0,17
Harvey,0,118
Harvie,0,13
Harvy,0,7
Hasan,0,1
Hasel,2,0
Haskell,0,49
Hassan,0,38
Hassie,35,0
Hattie,89,12
Haven,12,1
Hayden,11,74
Hayes,0,31
Haylee,18,0
Hayleigh,4,0
Hayley,32,0
Haylie,15,0
Hays,0,1
Hayward,0,70
Haywood,0,84
Hazel,107,51
Hazelle,3,0
Hazen,0,4
Hazle,40,0
Heath,0,43
Heather,74,3
Heaven,19,0
Heber,0,27
Hebert,0,1
Hector,0,127
Hedwig,47,0
Hedy,7,0
Heidi,68,0
Heidy,2,0
Helaine,1,0
Helen,129,55
Helena,128,0
Helene,91,0
Helga,26,0
Hellen,63,0
Helma,10,0
Helmer,0,18
Helyn,6,0
Hence,0,1
Henderson,0,59
Henery,0,39
Hennie,2,0
Henretta,13,0
Henri,0,4
Henrietta,89,0
Henriette,23,0
Henry,61,129
Herb,0,16
Herbert,0,122
Heriberto,0,50
Herlinda,11,0
Herma,1,0
Herman,0,120
Hermann,0,4
Hermina,26,0
Hermine,20,0
Herminia,20,0
Hermon,0,66
Hernan,0,12
Herschel,0,85
Hershel,0,81
Hershell,0,4
Hertha,30,0
Hervey,0,5
Hessie,24,0
Hester,71,2
Hettie,59,0
Hetty,7,0
Heyward,0,3
Hezekiah,0,39
Hezzie,0,1
Hideo,0,3
Hilah,1,0
Hilario,0,6
Hilary,45,12
Hilbert,0,21
Hilda,107,0
Hildegard,24,0
Hildegarde,39,0
Hildred,39,0
Hildur,18,0
Hill,0,3
Hillard,0,33
Hillary,44,2
Hillery,0,1
Hilliard,0,30
Hilma,47,0
Hilmer,0,1
Hilton,0,70
Hiram,0,103
Hiroshi,0,11
Hjalmar,0,1
Hjalmer,0,4
Hobart,0,48
Hobert,0,58
Hobson,0,3
Hoke,0,5
Holden,0,22
Holland,0,4
Holli,26,0
Hollie,35,13
Hollis,7,94
Holly,72,5
Holmes,0,2
Homer,0,103
Honora,14,0
Hoover,0,5
Hope,128,1
Horace,0,109
Horacio,0,2
Horatio,0,9
Hortencia,20,0
Hortense,60,0
Hortensia,2,0
Horton,0,2
Hosea,0,64
Hosie,0,9
Hosteen,0,9
Houston,0,110
Howard,2,129
Howell,0,70
Hoy,0,2
Hoyt,0,80
Hubbard,0,8
Hubert,0,107
Hudson,0,34
Huey,0,60
Hugh,0,128
Hughes,0,1
Hughey,0,1
Hughie,0,13
Hugo,0,127
Hulda,47,0
Huldah,25,0
Humberto,0,76
Humphrey,0,10
Hung,0,1
Hunt,0,1
Hunter,12,110
Hurbert,0,2
Hurley,0,28
Huston,0,24
Huy,0,1
Hyman,0,44
Hymen,0,1
Hyrum,0,8
Ian,0,74
Ibrahim,0,18
Ica,1,0
Icey,1,0
Icie,30,0
Icy,26,0
Ida,105,21
Idabelle,1,0
Idamae,1,0
Idell,45,0
Idella,65,0
Iesha,17,0
Ieshia,1,0
Ignacio,0,108
Ignatius,0,43
Ignatz,0,1
Ike,0,74
Ila,74,0
Ilah,5,0
Ilda,1,0
Ilene,67,0
Iliana,20,0
Illa,1,0
Illya,0,2
Ilma,1,0
Ilo,2,0
Ilona,6,0
Ima,58,0
Imani,19,0
Imanol,0,2
Imelda,30,0
Immanuel,0,6
Imo,6,0
Imogene,75,0
Ina,87,0
India,63,0
Indiana,5,0
Inell,13,0
Ines,39,0
Inez,93,0
Infant,8,12
Inga,33,0
Ingeborg,2,0
Inger,1,0
Ingram,0,2
Ingrid,73,0
Iola,66,0
Iona,67,0
Ione,64,0
Ira,65,113
Ireland,5,0
Irena,8,0
Irene,129,13
Iridian,1,0
Irine,9,0
Iris,129,0
Irl,0,8
Irma,116,0
Irva,1,0
Irven,0,5
Irvin,0,127
Irvine,0,3
Irving,0,120
Irwin,0,85
Isa,22,0
Isaac,0,129
Isaak,0,6
Isabel,129,0
Isabela,10,0
Isabell,72,0
Isabella,88,0
Isabelle,94,0
Isadora,5,0
Isadore,0,54
Isai,0,14
Isaiah,0,127
Isaias,0,29
Isam,0,1
Isamar,3,0
Ishaan,0,1
Isham,0,14
Ishmael,0,11
Isiah,0,116
Isidor,0,3
Isidore,0,38
Isidro,0,40
Isis,15,0
Isla,6,0
Ismael,0,78
Isobel,8,0
Isom,0,30
Israel,0,129
Isreal,0,7
Issac,0,117
Itzel,16,0
Iva,82,5
Ivah,22,0
Ivan,0,129
Ivana,6,0
Iver,0,6
Iverson,0,1
Ivette,28,0
Ivey,1,13
Ivie,3,0
Ivonne,2,0
Ivor,0,1
Ivory,25,90
Ivy,128,50
Iyana,9,0
Iyanna,5,0
Iza,1,0
Izabella,10,0
Izabelle,3,0
Izaiah,0,11
Izayah,0,3
Izetta,16,0
Izola,3,0
Izora,26,0
Jabari,0,30
Jabbar,0,1
Jabez,0,1
Jacalyn,10,0
Jace,0,32
Jacey,13,0
Jack,16,129
Jackeline,5,0
Jacki,7,0
Jackie,90,80
Jacklyn,54,0
Jackson,0,129
Jacky,0,37
Jaclyn,34,0
Jacob,0,129
Jacoby,0,24
Jacque,21,0
Jacquelin,36,0
Jacqueline,110,0
Jacquelyn,90,0
Jacquelynn,2,0
Jacques,0,56
Jacquez,0,1
Jacquline,32,0
Jacqulyn,1,0
Jada,39,0
Jade,34,31
Jaden,13,15
Jadiel,0,1
Jadon,0,11
Jadyn,10,8
Jaeda,1,0
Jaeden,0,9
Jaelyn,11,0
Jaelynn,4,0
Jagger,0,6
Jaheem,0,1
Jaheim,0,6
Jahiem,0,3
Jahir,0,1
Jaida,11,0
Jaiden,10,10
Jaidyn,8,4
Jailene,4,0
Jailyn,7,0
Jaime,44,67
Jaimee,5,0
Jaimie,20,2
Jair,0,9
Jairo,0,24
Jajuan,0,1
Jakayla,10,0
Jake,0,129
Jakob,0,25
Jakobe,0,5
Jaleel,0,10
Jaleesa,5,0
Jalen,0,17
Jalisa,9,0
Jalissa,1,0
Jaliyah,7,0
Jalon,0,4
Jalyn,8,0
Jalynn,6,0
Jamaal,0,21
Jamal,0,41
Jamar,0,37
Jamarcus,0,18
Jamari,0,12
Jamarion,0,6
Jame,0,23
Jameel,0,6
Jamel,0,37
James,110,129
Jameson,0,37
Jamey,1,28
Jami,42,0
Jamie,102,80
Jamil,0,30
Jamila,21,0
Jamin,0,9
Jamir,0,8
Jamison,0,40
Jamiya,1,0
Jammie,6,8
Jamya,8,0
Jan,54,67
Jana,64,0
Janae,33,0
Janay,10,0
Jane,129,0
Janeen,30,0
Janel,34,0
Janell,61,0
Janelle,78,0
Janene,3,0
Janessa,24,0
Janet,129,2
Janette,111,0
Janey,9,0
Janiah,5,0
Janice,107,2
Janie,121,0
Janine,53,0
Janis,64,0
Janiya,9,0
Janiyah,6,0
Jann,6,0
Janna,46,0
Jannette,13,0
Jannie,81,0
January,4,0
Janyce,6,0
Jaquan,0,21
Jaquelin,3,0
Jaqueline,23,0
Jaquez,0,1
Jarad,0,7
Jared,0,65
Jaren,0,12
Jaret,0,3
Jarett,0,2
Jarod,0,34
Jaron,0,33
Jarrad,0,3
Jarred,0,33
Jarrell,0,9
Jarret,0,10
Jarrett,0,46
Jarrod,0,38
Jarvis,0,79
Jase,0,7
Jasen,0,15
Jasiah,0,3
Jaslene,2,0
Jaslyn,1,0
Jasmin,35,0
Jasmine,36,1
Jasmyn,14,0
Jasmyne,1,0
Jason,16,128
Jasper,0,129
Jaunita,42,0
Javen,0,5
Javier,0,69
Javion,0,9
Javon,0,33
Javonte,0,8
Jax,0,3
Jaxon,0,12
Jaxson,0,10
Jay,0,129
Jayce,0,14
Jaycee,11,0
Jaycie,1,0
Jayda,12,0
Jaydan,0,2
Jayde,4,0
Jayden,11,15
Jaydin,0,5
Jaydon,0,10
Jaye,3,0
Jayla,14,0
Jaylah,3,0
Jaylan,0,13
Jaylee,5,0
Jayleen,5,0
Jaylen,3,16
Jaylene,8,0
Jaylin,9,15
Jaylon,0,15
Jaylyn,7,0
Jaylynn,8,0
Jayme,31,17
Jaymes,0,4
Jayne,64,0
Jayson,0,45
Jayvion,0,2
Jayvon,0,3
Jazlene,1,0
Jazlyn,13,0
Jazlynn,2,0
Jazmin,27,0
Jazmine,24,0
Jazmyn,16,0
Jazmyne,7,0
Jean,115,129
Jeana,26,0
Jeane,34,0
Jeanetta,20,0
Jeanette,123,0
Jeanie,73,0
Jeanine,61,0
Jeanmarie,1,0
Jeanna,32,0
Jeanne,111,0
Jeannette,114,0
Jeannie,71,0
Jeannine,57,0
Jeb,0,2
Jed,0,43
Jedediah,0,9
Jedidiah,0,15
Jeff,0,122
Jefferey,0,25
Jefferson,0,129
Jeffery,0,70
Jeffie,8,1
Jeffrey,3,75
Jeffry,0,50
Jelani,0,1
Jemal,0,1
Jemima,8,0
Jena,37,0
Jenelle,11,0
Jenifer,55,0
Jenilee,1,0
Jenna,38,0
Jennette,7,0
Jenni,15,0
Jennie,118,8
Jennifer,71,23
Jenniffer,2,0
Jennings,0,47
Jenny,129,0
Jens,0,6
Jensen,1,2
Jep,0,1
Jeptha,0,1
Jerad,0,17
Jerald,0,78
Jeraldine,29,0
Jeramiah,0,9
Jeramie,0,18
Jeramy,0,20
Jere,0,39
Jered,0,18
Jerel,0,15
Jereme,0,13
Jeremey,0,20
Jeremiah,0,129
Jeremie,0,18
Jeremy,1,65
Jeri,51,0
Jerica,7,0
Jerilyn,21,0
Jerilynn,2,0
Jerimiah,0,9
Jerimy,0,1
Jermain,0,7
Jermaine,0,39
Jermey,0,13
Jerod,0,25
Jerold,0,45
Jerome,0,129
Jeromy,0,22
Jerrad,0,2
Jerrel,0,2
Jerrell,0,33
Jerri,44,0
Jerrica,10,0
Jerrie,28,0
Jerrilyn,1,0
Jerrod,0,33
Jerrold,0,50
Jerry,60,129
Jerusha,1,0
Jeryl,1,0
Jesenia,2,0
Jesica,11,0
Jess,0,117
Jesse,51,129
Jessee,0,2
Jessenia,7,0
Jessi,17,0
Jessica,105,15
Jessie,129,129
Jessika,14,0
Jessy,0,16
Jessye,1,0
Jesus,0,128
Jethro,0,2
Jett,0,10
Jetta,1,0
Jettie,56,1
Jevon,0,16
Jewel,102,62
Jewell,83,59
Jiles,0,1
Jill,72,0
Jillian,33,0
Jim,0,118
Jimena,8,0
Jimmie,83,122
Jimmy,1,121
Jinnie,2,0
Jo,99,0
Joan,114,22
Joana,12,0
Joanie,13,0
Joann,84,0
Joanna,129,0
Joanne,93,0
Joaquin,0,87
Job,0,1
Jobe,0,2
Jocelyn,78,0
Jocelyne,5,0
Jocelynn,2,0
Jodi,48,0
Jodie,55,33
Jody,49,51
Joe,81,129
Joel,0,129
Joell,2,0
Joella,3,0
Joelle,39,0
Joellen,28,0
Joeseph,0,6
Joesph,0,98
Joetta,13,0
Joette,4,0
Joey,12,70
Johan,0,11
Johana,6,0
Johanna,129,0
Johannah,6,0
Johathan,0,8
John,109,129
Johnathan,0,59
Johnathon,0,41
Johney,0,4
Johnie,53,92
Johnna,27,0
Johnnie,94,122
Johnny,3,129
Johnpaul,0,12
Johnson,0,61
Johny,0,19
Joi,1,0
Joleen,16,0
Jolene,64,0
Jolette,1,0
Jolie,16,0
Joline,1,0
Jon,0,87
Jonah,0,58
Jonas,0,127
Jonatan,0,3
Jonathan,8,129
Jonathon,0,63
Jonell,1,0
Jones,0,37
Joni,37,0
Jonna,10,0
Jonnie,49,41
Jordan,31,125
Jorden,0,18
Jordi,0,2
Jordin,2,0
Jordon,0,29
Jordy,0,10
Jordyn,20,6
Joretta,3,0
Jorge,0,78
Jorja,1,0
Jory,0,10
Jose,0,129
Josef,0,43
Josefa,51,0
Josefina,81,0
Josefita,1,0
Joselin,2,0
Joseline,1,0
Joseluis,0,1
Joselyn,17,0
Joseph,86,129
Josephine,129,12
Josephus,0,7
Josette,7,0
Josh,0,91
Joshua,12,129
Joshuah,0,2
Josiah,0,61
Josie,129,0
Josiephine,10,0
Joslyn,8,0
Jossie,28,0
Josue,0,37
Journey,9,0
Jovan,0,33
Jovani,0,12
Jovanni,0,8
Jovanny,0,8
Jovany,0,11
Jovita,4,0
Joy,123,16
Joyce,125,26
Joycelyn,28,0
Joye,14,0
Juan,0,129
Juana,118,0
Juanita,122,0
Judah,0,11
Judd,0,18
Jude,0,42
Judge,0,53
Judi,33,0
Judie,20,0
Judith,129,9
Judson,0,107
Judy,101,6
Judyth,2,0
Jule,7,17
Jules,0,81
Juli,19,0
Julia,129,11
Julian,0,129
Juliana,102,0
Juliann,27,0
Julianna,33,0
Julianne,79,0
Julie,129,0
Julien,0,21
Juliet,113,0
Juliette,101,0
Julio,0,105
Julious,0,12
Julisa,1,0
Julissa,27,0
Julius,0,129
Juluis,0,4
June,108,57
Junia,1,0
Junie,8,0
Junior,0,118
Junious,0,18
Junius,0,68
Justen,0,17
Justice,15,18
Justin,10,125
Justina,37,0
Justine,125,9
Juston,0,9
Justus,0,22
Justyn,0,12
Juwan,0,8
Kaaren,3,0
Kacey,26,0
Kaci,24,0
Kacie,24,0
Kacy,8,0
Kade,0,17
Kadeem,0,7
Kaden,0,16
Kadence,6,0
Kadijah,2,0
Kadin,0,10
Kadyn,0,4
Kaeden,0,6
Kael,0,2
Kaela,16,0
Kaelyn,14,0
Kahlil,0,4
Kai,0,28
Kaia,9,0
Kaiden,0,9
Kaila,23,0
Kailee,18,0
Kailey,22,0
Kailyn,16,0
Kaitlin,28,0
Kaitlyn,26,0
Kaitlynn,21,0
Kaiya,8,0
Kala,16,0
Kale,0,13
Kaleb,0,31
Kaleena,2,0
Kaleigh,23,0
Kalen,0,7
Kalene,1,0
Kaley,24,0
Kali,27,0
Kalie,10,0
Kaliyah,8,0
Kallie,20,0
Kalvin,0,8
Kalyn,17,0
Kamari,1,6
Kamden,0,5
Kameron,3,23
Kami,21,0
Kamila,3,0
Kamilah,1,0
Kamora,1,0
Kamren,0,5
Kamron,0,11
Kamryn,11,1
Kandace,12,0
Kandi,23,0
Kandice,14,0
Kandy,20,0
Kane,0,19
Kanesha,1,0
Kanisha,2,0
Kanye,0,2
Kara,51,0
Karan,18,0
Kareem,0,37
Kareen,0,1
Karel,1,0
Karen,94,19
Kari,50,0
Karie,14,0
Karim,0,4
Karin,54,0
Karina,40,0
Karis,3,0
Karissa,32,0
Karl,0,128
Karla,73,0
Karlee,18,0
Karlene,13,0
Karley,17,0
Karli,22,0
Karlie,18,0
Karly,22,0
Karma,4,0
Karol,36,0
Karolyn,17,0
Karon,27,0
Karren,5,0
Karri,13,0
Karrie,28,0
Karson,0,10
Karsyn,1,0
Karter,0,4
Karyl,4,0
Karyme,1,0
Karyn,41,0
Kasandra,20,0
Kasen,0,3
Kasey,39,38
Kash,0,1
Kasie,7,0
Kason,0,5
Kassandra,28,0
Kassidy,16,0
Kassie,13,0
Katarina,15,0
Kate,129,0
Katelin,21,0
Katelyn,28,0
Katelynn,23,0
Katerina,10,0
Kathaleen,15,0
Katharina,6,0
Katharine,127,0
Katharyn,4,0
Katherin,1,0
Katherine,129,2
Kathern,10,0
Katheryn,98,0
Kathey,1,0
Kathi,28,0
Kathie,33,0
Kathleen,129,1
Kathlene,5,0
Kathlyn,20,0
Kathrine,116,0
Kathryn,129,1
Kathryne,47,0
Kathy,76,0
Kathyrn,5,0
Kati,12,0
Katia,5,0
Katie,129,0
Katina,11,0
Katlin,12,0
Katlyn,22,0
Katlynn,8,0
Katrina,64,0
Kattie,59,0
Katy,86,0
Kavon,0,2
Kay,92,30
Kaya,9,0
Kaycee,12,0
Kayden,6,10
Kaydence,6,0
Kaye,38,3
Kayla,49,0
Kaylah,13,0
Kaylan,3,0
Kaylee,25,0
Kayleigh,24,0
Kaylen,6,0
Kaylene,1,0
Kayley,17,0
Kayli,14,0
Kaylie,21,0
Kaylin,22,0
Kaylyn,22,0
Kaylynn,17,0
Kazuko,1,0
Kazuo,0,3
Keagan,0,12
Keandre,0,2
Keanna,1,0
Keanu,0,12
Keara,3,0
Keaton,0,24
Kecia,8,0
Keegan,0,30
Keeley,4,0
Keely,36,0
Keena,1,0
Keenan,0,51
Keenen,0,2
Keesha,5,0
Kegan,0,8
Keifer,0,1
Keila,1,0
Keion,0,1
Keira,8,0
Keisha,32,0
Keith,0,119
Kelan,0,1
Kelby,0,8
Kelcie,3,0
Keli,8,0
Kelis,1,0
Kellan,0,1
Kellee,5,0
Kellen,0,28
Kelley,44,45
Kelli,49,0
Kellie,48,0
Kelly,62,123
Kelsea,10,0
Kelsey,32,27
Kelsi,16,0
Kelsie,24,0
Kelton,0,15
Kelvin,0,59
Kem,0,1
Ken,0,65
Kenan,0,1
Kendal,14,6
Kendall,32,94
Kendell,0,4
Kendra,62,0
Kendrick,0,45
Kenia,15,0
Kenisha,7,0
Kenji,0,2
Kenley,1,0
Kenna,9,0
Kennard,0,1
Kennedi,11,0
Kennedy,15,21
Kenneth,14,129
Kenney,0,6
Kennith,0,60
Kennth,0,9
Kenny,0,80
Kent,0,97
Kenton,0,63
Kenya,41,8
Kenyatta,8,11
Kenyon,0,25
Kenzie,15,0
Keon,0,31
Keri,43,0
Kermit,0,77
Kerri,45,0
Kerrie,28,0
Kerry,55,67
Kerwin,0,6
Kesha,13,0
Keshaun,0,2
Keshawn,0,13
Keshia,11,0
Kevan,0,11
Keven,0,52
Kevin,12,87
Kevon,0,15
Keyla,7,0
Keyon,0,12
Keyshawn,0,11
Khadijah,5,0
Khalid,0,13
Khalil,0,20
Khalilah,3,0
Khari,0,1
Khiry,0,3
Khloe,3,0
Kia,26,0
Kian,0,9
Kiana,22,0
Kianna,15,0
Kiara,21,1
Kiarra,2,0
Kiefer,0,2
Kiel,0,6
Kiera,21,0
Kieran,0,17
Kierra,21,0
Kiersten,21,0
Kieth,0,9
Kiley,30,2
Killian,0,6
Kim,48,49
Kimball,0,3
Kimber,3,0
Kimberely,5,0
Kimberlee,44,0
Kimberley,44,0
Kimberli,8,0
Kimberlie,6,0
Kimberly,63,27
Kimora,5,0
Kindra,1,0
King,0,84
Kingston,0,3
Kinley,3,0
Kinsey,13,0
Kinsley,4,0
Kinte,0,1
Kip,0,38
Kipp,0,5
Kira,37,0
Kirby,4,110
Kirk,0,86
Kirsten,51,0
Kirstie,6,0
Kirstin,29,0
Kirt,0,23
Kisha,15,0
Kit,0,16
Kittie,31,0
Kitty,87,0
Kiya,1,0
Kiyoko,2,0
Kiyoshi,0,7
Kizzie,22,0
Kizzy,3,0
Knox,0,2
Knute,0,4
Kobe,0,12
Koby,0,8
Koda,0,1
Kody,0,31
Koen,0,2
Kolby,0,23
Kole,0,16
Kolten,0,1
Kolton,0,18
Konner,0,6
Konnor,0,7
Korbin,0,10
Kordell,0,3
Korey,0,39
Kori,29,0
Kortney,12,0
Kory,0,44
Kourtney,23,0
Kraig,0,36
Kris,29,42
Krish,0,3
Krissy,3,0
Krista,59,0
Kristal,28,0
Kristan,12,0
Kristen,63,2
Kristi,53,0
Kristian,14,42
Kristie,48,0
Kristin,69,4
Kristina,64,0
Kristine,62,0
Kristofer,0,32
Kristoffer,0,19
Kristopher,0,51
Kristy,52,0
Kristyn,18,0
Krysta,16,0
Krystal,49,0
Krysten,7,0
Krystin,6,0
Krystina,9,0
Krystle,13,0
Kunta,0,1
Kurt,0,83
Kurtis,0,53
Kwame,0,8
Kya,6,0
Kyan,0,4
Kyara,1,0
Kyla,34,0
Kylah,1,0
Kylan,0,11
Kyle,27,111
Kylee,28,0
Kyleigh,14,0
Kylene,2,0
Kyler,0,23
Kylie,31,0
Kymani,0,1
Kyra,33,0
Kyree,0,4
Kyrie,1,0
Kyson,0,1
Lacey,34,1
Laci,19,0
Lacie,24,0
Lacy,47,84
Ladarius,0,12
Laddie,0,1
Ladonna,63,0
Lady,9,0
Lafayette,0,65
Lafe,0,7
Lahoma,1,0
Laila,10,0
Lailah,1,0
Lainey,6,0
Laisha,3,0
Lakeisha,22,0
Laken,6,0
Lakendra,2,0
Lakesha,18,0
Lakeshia,17,0
Lakisha,18,0
Lala,13,0
Lalla,2,0
Lamar,0,119
Lamarcus,0,3
Lambert,0,45
Lamont,0,71
Lamonte,0,6
Lana,70,0
Lance,0,76
Landan,0,1
Landen,0,12
Landin,0,3
Landon,0,59
Landyn,0,5
Lane,0,82
Lanette,15,0
Laney,10,0
Lani,7,0
Lanie,7,0
Lanita,1,0
Lannie,6,5
Lanny,0,41
Laquan,0,4
Laquita,23,0
Lara,43,0
Larae,1,0
Laraine,12,0
Larissa,42,0
Lark,0,1
Larkin,0,16
Laron,0,23
Larry,16,129
Lars,0,26
Larue,38,1
Lary,0,6
Lashanda,15,0
Lashawn,17,9
Lashonda,22,0
Lashunda,2,0
Lasonya,2,0
Lassie,11,0
Latanya,26,0
Latarsha,6,0
Latasha,27,0
Latesha,4,0
Latifah,2,0
Latisha,27,0
Latonia,14,0
Latonya,31,0
Latoria,5,0
Latosha,18,0
Latoya,24,0
Latoyia,1,0
Latrell,0,6
Latrice,26,0
Latricia,16,0
Latrina,5,0
Launa,1,0
Laura,129,10
Laurance,0,3
Laureen,25,0
Laurel,103,13
Lauren,64,56
Laurence,0,114
Laurene,18,0
Lauretta,79,0
Laurette,17,0
Lauri,25,0
Laurie,73,4
Laurine,14,0
Lauryn,22,0
Lavada,58,0
Lavar,0,4
Lavelle,1,0
Lavenia,9,0
Lavera,19,0
Lavern,49,63
Laverna,32,0
Laverne,83,71
Lavina,61,0
Lavinia,50,0
Lavon,46,11
Lavona,3,0
Lavonda,2,0
Lavonia,2,0
Lavonne,60,0
Lawanda,54,0
Lawerence,0,56
Lawrance,0,8
Lawrence,0,129
Lawson,0,77
Lawton,0,10
Lawyer,0,12
Layla,22,0
Laylah,1,0
Layne,0,36
Layton,0,17
Lazaro,0,20
Le,0,1
Lea,128,1
Leafy,2,0
Leah,129,0
Leala,1,0
Leamon,0,30
Leana,7,0
Leander,0,73
Leandra,11,0
Leandro,0,4
Leaner,3,0
Leann,57,0
Leanna,96,0
Leanne,62,0
Leatha,64,0
Leatrice,21,0
Leda,34,0
Lee,111,129
Leeann,43,0
Leeroy,0,42
Leesa,13,0
Leia,5,0
Leif,0,29
Leigh,52,47
Leighton,0,7
Leila,126,0
Leilani,42,0
Leisa,15,0
Leisha,4,0
Leitha,2,0
Lela,90,0
Lelah,28,0
Leland,1,123
Lelar,14,0
Lelia,77,0
Lella,12,0
Lem,0,28
Lemma,3,0
Lemmie,0,2
Lemon,0,20
Lempi,2,0
Lemuel,0,94
Len,0,57
Lena,129,4
Lenard,0,94
Lenna,38,0
Lennie,54,26
Lennon,0,1
Lenny,0,37
Lenon,0,1
Lenora,96,0
Lenord,0,9
Lenore,94,0
Lenwood,0,9
Leo,27,129
Leola,81,0
Leoma,2,0
Leon,0,129
Leona,102,2
Leonard,0,129
Leonardo,0,79
Leonce,0,3
Leone,57,0
Leonel,0,51
Leonia,10,0
Leonidas,0,6
Leonie,23,0
Leonor,30,0
Leonora,63,0
Leonore,24,0
Leontine,20,0
Leopold,0,36
Leopoldo,0,23
Leora,69,0
Leota,67,0
Lera,33,0
Leroy,0,129
Les,0,21
Lesa,23,0
Lesia,11,0
Leslee,11,0
Lesley,67,48
Lesli,7,0
Leslie,129,118
Lesly,14,0
Less,0,3
Lessie,76,4
Lesta,2,0
Lester,3,119
Leta,82,0
Letha,88,0
Lethia,2,0
Leticia,59,0
Letitia,98,0
Letta,12,0
Lettie,67,0
Letty,8,0
Leva,12,0
Levar,0,4
Levern,0,2
Levi,0,129
Levie,0,1
Levin,0,1
Levina,3,0
Levon,0,11
Levy,0,36
Lew,0,19
Lewis,0,129
Lex,0,5
Lexi,16,0
Lexie,36,1
Lexis,3,0
Lexus,13,0
Leyla,4,0
Lia,23,0
Liam,0,36
Liana,29,0
Liane,2,0
Libbie,33,0
Libby,92,0
Liberty,10,0
Lida,57,0
Liddie,28,0
Lidia,10,0
Lidie,3,0
Lige,0,31
Lila,106,0
Lilah,16,0
Lilburn,0,1
Lilia,25,0
Lilian,54,0
Liliana,37,0
Lilianna,4,0
Lilie,8,0
Lilla,46,0
Lillard,0,2
Liller,2,0
Lillia,7,0
Lillian,129,30
Lilliana,9,0
Lillianna,2,0
Lillie,106,17
Lillis,3,0
Lilly,99,0
Lily,119,0
Lilyan,17,0
Lilyana,3,0
Lim,0,1
Lina,73,0
Lincoln,0,127
Linda,129,27
Lindbergh,0,2
Lindell,0,11
Linden,0,2
Lindsay,40,59
Lindsey,35,102
Lindy,24,5
Linette,7,0
Link,0,1
Linn,0,2
Linna,3,0
Linnea,18,0
Linnie,66,3
Linsey,11,0
Linton,0,11
Linus,0,16
Linwood,0,93
Linzy,0,1
Lionel,0,117
Lisa,72,16
Lisandro,0,1
Lisbeth,2,0
Lise,10,0
Lisette,31,0
Lish,0,2
Lisha,4,0
Lisle,0,1
Lissa,3,0
Lissette,23,0
Lissie,18,0
Liston,0,1
Lita,12,0
Litha,2,0
Littie,6,0
Little,0,4
Littleton,0,2
Litzy,9,0
Livia,3,0
Liz,14,0
Liza,69,0
Lizabeth,16,0
Lizbeth,21,0
Lizeth,17,0
Lizette,34,0
Lizzie,80,1
Llewellyn,0,47
Lloyd,0,123
Lockie,10,0
Loda,1,0
Logan,21,107
Lois,104,41
Lola,106,2
Lolita,50,0
Lolla,1,0
Lollie,15,0
Loma,32,0
Lon,0,93
Lona,79,0
London,11,9
Londyn,2,0
Lone,0,1
Loney,0,3
Long,0,3
Loni,6,0
Lonie,32,24
Lonna,9,0
Lonnie,77,123
Lonny,0,40
Lonzo,0,62
Lora,113,3
Loraine,84,0
Loran,0,47
Lorayne,2,0
Lorean,2,0
Loree,1,0
Loreen,7,0
Lorelai,3,0
Lorelei,20,0
Loren,30,119
Lorena,129,0
Lorene,87,0
Lorenz,0,3
Lorenza,4,34
Lorenzo,0,129
Loretta,111,0
Loretto,21,0
Lori,56,0
Loria,2,0
Loriann,12,0
Lorie,32,0
Lorin,0,54
Lorinda,16,0
Lorine,54,0
Loring,0,3
Loris,2,0
Lorna,85,0
Lorne,0,12
Lorraine,111,0
Lorrayne,1,0
Lorri,21,0
Lorrie,30,0
Lossie,6,0
Lota,9,0
Lott,0,1
Lotta,13,0
Lottie,80,0
Lou,92,40
Louann,25,0
Louanna,2,0
Louella,76,0
Louetta,9,0
Louie,38,113
Louis,25,129
Louisa,90,0
Louise,110,38
Louisiana,1,0
Loula,13,0
Lourdes,49,0
Louvenia,60,0
Love,6,11
Lovell,0,8
Lovett,0,1
Lovey,1,0
Lovie,65,1
Lovina,16,0
Lovisa,1,0
Lowell,0,105
Loy,0,59
Loyal,0,52
Loyce,33,0
Loyd,0,94
Lu,11,0
Luana,5,0
Luann,38,0
Luanne,35,0
Luberta,7,0
Luc,0,1
Luca,0,9
Lucas,0,68
Lucero,12,0
Lucetta,1,0
Lucia,129,0
Lucian,0,71
Luciana,6,0
Luciano,0,19
Lucie,43,0
Lucien,0,74
Lucile,72,0
Lucille,102,3
Lucina,1,0
Lucinda,108,0
Lucindy,1,0
Lucio,0,6
Lucious,0,75
Lucius,0,83
Lucky,0,1
Lucretia,98,0
Lucy,129,5
Luda,1,0
Ludie,45,0
Ludwig,0,40
Lue,68,4
Luella,75,0
Luetta,18,0
Lugenia,3,0
Luigi,0,4
Luis,0,129
Luisa,42,0
Luka,0,5
Lukas,0,31
Luke,0,129
Lula,86,4
Lulah,1,0
Lular,17,0
Lulie,5,0
Lulla,1,0
Lulu,59,0
Lum,0,19
Luna,42,0
Lupe,73,52
Lura,68,0
Lurana,1,0
Lurena,1,0
Lurline,25,0
Luster,0,6
Lute,0,1
Luther,0,115
Lutie,21,0
Luvenia,57,0
Luverne,1,3
Luvinia,1,0
Luz,71,0
Lyda,54,0
Lydell,0,2
Lydia,129,0
Lyla,45,0
Lyle,0,116
Lyman,0,83
Lyn,31,4
Lynda,57,0
Lyndia,1,0
Lyndon,0,36
Lyndsay,16,0
Lyndsey,27,0
Lynette,65,0
Lynn,92,107
Lynne,53,0
Lynnette,43,0
Lynsey,12,0
Lynwood,0,36
Lyric,14,2
Mabel,85,17
Mabell,12,0
Mabelle,37,0
Mable,83,0
Mac,0,73
Macarthur,0,2
Mace,0,2
Macel,1,0
Maceo,0,3
Macey,17,0
Machelle,11,0
Maci,12,0
Macie,60,0
Mack,0,110
Mackenzie,33,17
Macy,31,0
Madaline,35,0
Madalyn,32,0
Madalynn,8,0
Madden,0,2
Maddison,15,0
Maddox,0,6
Madeleine,100,0
Madelene,5,0
Madeline,129,0
Madelyn,95,0
Madelynn,12,0
Madge,68,0
Madie,50,0
Madilyn,11,0
Madilynn,2,0
Madisen,9,0
Madison,24,73
Madisyn,12,0
Madlyn,4,0
Madonna,57,0
Madora,2,0
Madyson,13,0
Mae,90,7
Maebell,1,0
Maebelle,5,0
Maegan,20,0
Maeve,12,0
Mafalda,15,0
Magan,5,0
Magdalen,42,0
Magdalena,126,0
Magdalene,65,0
Magen,7,0
Maggie,129,4
Magnolia,59,0
Mahala,23,0
Mahalia,2,0
Mahalie,1,0
Mahlon,0,65
Mai,13,0
Maia,13,0
Maida,13,0
Maira,13,0
Maiya,1,0
Major,0,92
Makai,0,4
Makaila,8,0
Makala,3,0
Makayla,20,0
Makena,7,0
Makenna,15,0
Makenzie,18,0
Makhi,0,2
Mal,0,2
Malachi,0,33
Malakai,0,7
Malaki,0,5
Malaya,1,0
Malcolm,0,129
Malcom,0,20
Male,0,4
Maleah,6,0
Malia,23,0
Malik,0,39
Malinda,107,0
Malissa,50,0
Malissie,4,0
Maliyah,7,0
Mallie,39,0
Mallorie,2,0
Mallory,26,0
Malorie,2,0
Malvin,0,18
Malvina,33,0
Mame,13,0
Mamie,87,3
Mammie,42,0
Manda,30,0
Mandi,17,0
Mandie,4,0
Mandy,101,0
Manerva,1,0
Manervia,1,0
Manford,0,15
Manie,13,0
Manila,2,0
Manilla,1,0
Manley,0,31
Manly,0,1
Mannie,7,12
Manning,0,5
Mansfield,0,2
Manson,0,2
Manuel,0,129
Manuela,70,0
Manuelita,4,0
Mara,59,0
Maralyn,2,0
Maranda,28,0
Marc,0,75
Marcel,0,105
Marcela,3,0
Marcelina,1,0
Marceline,10,0
Marcelino,0,25
Marcella,120,0
Marcelle,28,0
Marcello,0,3
Marcellus,0,59
Marcelo,0,22
Marchello,0,1
Marci,33,0
Marcia,113,0
Marcie,39,0
Marco,0,74
Marcos,0,75
Marcus,0,129
Marcy,46,0
Mardell,12,0
Mareli,1,0
Marely,2,0
Maren,7,0
Margaret,129,62
Margarete,17,0
Margaretha,6,0
Margarett,53,0
Margaretta,35,0
Margarette,63,0
Margarita,126,0
Margarite,3,0
Margarito,0,39
Marge,41,0
Margene,2,0
Margeret,2,0
Margery,79,0
Marget,2,0
Margie,103,0
Margo,53,0
Margot,36,0
Margret,76,0
Margrett,2,0
Margretta,1,0
Marguerite,93,0
Margueritta,8,0
Margurite,8,0
Margy,2,0
Mari,52,0
Maria,129,16
Mariah,67,0
Mariam,34,0
Marian,114,4
Mariana,29,0
Marianita,1,0
Mariann,37,0
Marianna,66,0
Marianne,88,0
Mariano,0,48
Maribel,48,0
Maribeth,24,0
Maricela,37,0
Marie,129,25
Mariel,10,0
Mariela,19,0
Marietta,85,0
Marilee,36,0
Marilla,4,0
Marilou,19,0
Marilyn,102,1
Marilynn,42,0
Marin,5,0
Marina,83,0
Marinda,4,0
Mario,0,107
Marion,108,115
Marisa,53,0
Marisela,28,0
Marisol,47,0
Marissa,45,0
Marita,23,0
Maritza,53,0
Marius,0,1
Mariyah,3,0
Marjorie,115,0
Marjory,60,0
Mark,13,129
Markel,0,7
Markell,0,6
Markita,2,0
Markus,0,47
Marla,57,0
Marlana,2,0
Marland,0,1
Marlee,15,0
Marleen,18,0
Marlen,2,0
Marlena,31,0
Marlene,88,0
Marley,15,1
Marlie,1,0
Marlin,0,97
Marlo,11,4
Marlon,0,59
Marlyn,24,16
Marlys,35,0
Marni,11,0
Marnie,13,0
Marnita,2,0
Marolyn,3,0
Marques,0,32
Marquez,0,18
Marquis,0,40
Marquise,0,26
Marquita,13,0
Marrion,0,1
Marry,6,0
Marsh,0,1
Marsha,59,0
Marshal,0,20
Marshall,0,129
Mart,0,12
Marta,55,0
Martell,0,8
Martez,0,7
Martha,129,20
Marti,6,0
Martika,2,0
Martin,0,129
Martina,117,0
Martine,1,0
Marty,18,60
Marva,40,0
Marvel,52,0
Marvin,0,129
Mary,129,93
Maryam,5,0
Maryann,96,0
Maryanne,41,0
Marybelle,11,0
Marybeth,28,0
Maryellen,55,0
Maryjane,51,0
Maryjo,33,0
Marylee,11,0
Marylin,19,0
Marylou,48,0
Marylouise,2,0
Marylyn,18,0
Masako,3,0
Masao,0,13
Mason,0,129
Mat,0,18
Mateo,0,14
Math,0,3
Mathew,0,129
Mathews,0,1
Mathias,0,30
Mathilda,49,0
Mathilde,30,0
Matias,0,5
Matie,18,0
Matilda,82,0
Matilde,5,0
Matt,0,109
Matteo,0,11
Matthew,15,129
Matthias,0,8
Mattie,111,17
Mattye,1,0
Maud,53,2
Maude,71,11
Maudie,68,0
Maura,58,0
Maureen,88,0
Maurice,13,129
Mauricio,0,46
Maurine,54,0
Mauro,0,1
Maury,0,7
Maverick,0,17
Mavis,66,0
Max,0,129
Maxie,57,62
Maxim,0,9
Maximilian,0,24
Maximillian,0,16
Maximo,0,6
Maximus,0,9
Maxine,94,0
Maxwell,0,124
May,84,11
Maya,39,0
Maybell,40,0
Maybelle,56,0
Maye,38,0
Mayme,58,0
Maymie,26,0
Maynard,0,84
Mayo,0,3
Mayra,42,0
Mazie,65,0
Mcarthur,0,9
Mckayla,15,0
Mckenna,18,0
Mckenzie,25,0
Mckinley,2,76
Meadow,8,0
Meagan,34,0
Meaghan,25,0
Mearl,0,5
Mechelle,10,0
Meda,33,0
Media,4,0
Medora,1,0
Meg,11,0
Megan,57,0
Meggan,5,0
Meghan,43,0
Meghann,10,0
Mekhi,0,11
Mel,0,31
Melanie,72,0
Melany,8,0
Melba,73,0
Melbourne,0,1
Melina,30,0
Melinda,90,0
Melisa,43,0
Melissa,119,18
Melissia,1,0
Mell,1,3
Mellie,34,0
Mellisa,15,0
Mellissa,20,0
Melodee,1,0
Melodie,31,0
Melody,67,0
Melonie,15,0
Melony,2,0
Melton,0,62
Melva,78,0
Melville,0,48
Melvin,1,129
Melvina,67,0
Melvyn,0,20
Memphis,0,3
Mena,2,0
Menachem,0,10
Mendy,6,0
Mercedes,127,0
Mercer,0,1
Mercy,3,0
Meredith,97,55
Merilyn,13,0
Merl,0,36
Merle,77,98
Merlene,15,0
Merlin,0,76
Merlyn,0,30
Merna,14,0
Merri,11,0
Merrie,4,0
Merrilee,2,0
Merrill,0,88
Merrily,3,0
Merritt,0,71
Merry,40,0
Mertie,31,0
Merton,0,62
Mervin,0,90
Mervyn,0,7
Merwin,0,15
Meryl,12,0
Messiah,0,4
Meta,48,0
Metha,1,0
Metro,0,1
Metta,21,0
Mettie,26,0
Meyer,0,39
Mia,45,0
Miah,8,0
Micaela,23,0
Micah,29,50
Micayla,1,0
Michael,57,129
Michaela,38,0
Michaele,1,0
Michal,1,7
Michale,0,22
Micheal,0,129
Michel,0,57
Michele,64,6
Michelina,1,0
Michell,17,0
Michelle,71,16
Michial,0,2
Mickey,40,84
Mickie,11,0
Micky,0,8
Miesha,1,0
Migdalia,14,0
Mignon,5,0
Miguel,0,127
Miguelangel,0,1
Mikaela,20,0
Mikaila,1,0
Mikal,0,3
Mikala,6,0
Mikalah,1,0
Mikayla,20,0
Mike,0,129
Mikeal,0,1
Mikel,0,61
Mikhail,0,2
Mila,4,0
Milagros,19,0
Milan,0,40
Milas,0,1
Milburn,0,27
Milda,2,0
Mildred,104,25
Miles,0,129
Miley,2,0
Milford,0,78
Milissa,8,0
Millard,0,91
Miller,0,59
Millicent,74,0
Millie,87,0
Mills,0,3
Milly,1,0
Milo,0,90
Milton,0,129
Mima,11,0
Mimi,25,0
Mina,70,0
Minda,7,0
Mindi,12,0
Mindy,48,0
Miner,0,4
Minerva,92,0
Minervia,1,0
Minna,37,0
Minnie,92,24
Minor,0,25
Minoru,0,3
Minta,20,0
Mintie,15,0
Mira,8,0
Miracle,14,0
Miranda,57,0
Mireya,12,0
Miriah,1,0
Miriam,129,0
Mirtie,3,0
Misael,0,19
Missie,8,0
Missouri,31,0
Missy,17,0
Misti,20,0
Mistie,3,0
Misty,41,0
Mitch,0,18
Mitchel,0,95
Mitchell,0,129
Mittie,61,0
Mitzi,44,0
Miya,9,0
Modena,1,0
Moe,0,11
Moesha,2,0
Mohamed,0,27
Mohammad,0,30
Mohammed,0,28
Moira,9,0
Moises,0,53
Mollie,128,0
Molly,129,0
Mona,106,0
Monica,127,0
Monika,37,0
Monique,54,0
Monna,1,0
Monnie,19,0
Monroe,0,92
Monserrat,9,0
Mont,0,16
Montana,14,7
Monte,0,74
Montel,0,4
Montgomery,0,13
Montie,7,3
Montrell,0,5
Montserrat,1,0
Monty,0,53
Moody,0,6
Mora,2,0
Mordechai,0,1
Morgan,33,129
Moriah,21,0
Morris,0,115
Mortimer,0,39
Morton,0,72
Mose,0,75
Moses,0,129
Moshe,0,36
Mossie,21,0
Mozell,36,0
Mozella,5,0
Mozelle,45,0
Muhammad,0,30
Murdock,0,1
Muriel,85,0
Murl,1,20
Murphy,0,65
Murray,0,95
Murry,0,40
Mustafa,0,2
Mya,12,0
Myah,11,0
Mychal,0,4
Myer,0,10
Mykel,0,1
Myla,4,0
Mylee,2,0
Myles,0,113
Mylie,2,0
Myra,124,0
Myranda,8,0
Myrl,32,3
Myrle,40,0
Myrna,83,0
Myron,0,121
Myrta,15,0
Myrtice,48,0
Myrtie,52,0
Myrtis,63,0
Myrtle,85,13
Nada,12,0
Nadia,33,0
Nadine,110,0
Naima,4,0
Najee,0,9
Nakia,16,3
Nakisha,7,0
Nakita,2,0
Nallely,1,0
Namon,0,2
Nan,83,0
Nana,4,0
Nanci,28,0
Nancie,16,0
Nancy,129,18
Nanette,52,0
Nanie,15,0
Nanna,1,0
Nannette,30,0
Nannie,71,0
Naoma,32,0
Naomi,129,0
Napoleon,0,91
Narcissus,3,0
Nash,0,12
Nasir,0,13
Nat,0,37
Natalee,6,0
Natalia,40,0
Natalie,129,0
Nataly,19,0
Natalya,6,0
Natasha,44,0
Nathalia,2,0
Nathalie,61,0
Nathaly,5,0
Nathan,0,129
Nathanael,0,37
Nathanial,0,36
Nathaniel,0,129
Nathen,0,15
Natosha,6,0
Nautica,3,0
Nayeli,15,0
Nayely,1,0
Neal,0,123
Nealie,14,0
Nealy,1,0
Ned,0,96
Nedra,48,0
Needham,0,2
Neely,0,1
Neha,1,0
Nehemiah,0,12
Neil,0,129
Nelda,66,0
Nelia,10,0
Nelie,1,0
Nell,76,0
Nella,54,0
Nelle,48,0
Nellie,99,16
Nello,0,3
Nelly,5,0
Nels,0,38
Nelson,0,129
Nena,15,0
Neola,1,0
Neoma,41,0
Neppie,1,0
Nereida,1,0
Nery,0,1
Nestor,0,42
Neta,45,0
Netta,8,0
Nettie,83,0
Neva,83,0
Nevada,24,0
Nevaeh,8,0
Neveah,3,0
Nevin,0,7
Newell,0,54
Newman,0,18
Newt,0,19
Newton,0,77
Nia,22,0
Nichelle,5,0
Nichol,6,0
Nicholas,3,129
Nicholaus,0,9
Nichole,41,0
Nick,0,129
Nicki,20,0
Nicklaus,0,8
Nickolas,0,103
Nicky,0,42
Nico,0,21
Nicola,7,0
Nicolas,0,101
Nicole,63,7
Nicolette,31,0
Nicolle,9,0
Nigel,0,38
Nikhil,0,12
Niki,16,0
Nikia,8,0
Nikita,23,0
Nikki,65,0
Nikko,0,5
Niko,0,17
Nikolai,0,2
Nikolas,0,31
Nikole,23,0
Nila,38,0
Nilda,1,0
Nile,0,2
Niles,0,5
Nils,0,1
Nim,0,1
Nina,129,0
Ninnie,5,0
Nira,1,0
Nita,88,0
Noah,0,129
Nobie,2,0
Noble,0,75
Noe,0,66
Noel,52,127
Noelia,8,0
Noelle,45,0
Noemi,52,0
Noemie,1,0
Nohely,1,0
Nola,86,0
Nolan,0,119
Nolen,0,1
Nolia,3,0
Nolie,1,0
Noma,12,0
Nona,85,0
Nonie,19,0
Nora,129,12
Norah,25,0
Norbert,0,86
Norberto,0,14
Noreen,55,0
Norene,48,0
Noreta,1,0
Noretta,1,0
Norine,60,0
Norita,2,0
Norma,123,0
Norman,1,126
Normand,0,42
Norris,0,101
North,0,1
Norton,0,29
Norval,0,38
Norwood,0,36
Nova,52,0
Novella,59,0
Nunzio,0,14
Nya,8,0
Nyah,4,0
Nyasia,10,0
Nyla,9,0
Nylah,1,0
Nyree,2,0
Oakley,0,19
Obe,0,1
Obed,0,1
Obie,0,67
Ocie,54,40
Octa,1,0
Octave,0,8
Octavia,82,0
Octavie,1,0
Octavio,0,41
Octavius,0,2
Oda,31,3
Odalis,4,0
Odalys,7,0
Oddie,0,1
Odelia,24,0
Odell,37,84
Odessa,77,0
Odette,2,0
Odie,34,45
Odile,16,0
Odin,0,2
Odis,0,74
Odus,0,3
Ofelia,35,0
Offie,0,1
Ogden,0,1
Okey,0,20
Ola,78,10
Olaf,0,39
Olan,0,19
Oland,0,1
Olar,1,0
Ole,0,30
Olen,0,72
Olena,1,0
Olene,5,0
Oleta,41,0
Olevia,26,0
Oley,0,1
Olga,116,0
Olie,3,7
Olin,0,83
Olinda,2,0
Oline,1,0
Oliva,2,0
Olive,73,2
Oliver,0,129
Olivia,129,0
Olivine,1,0
Ollie,81,92
Olof,0,2
Olympia,5,0
Oma,66,0
Omar,0,123
Omari,0,14
Omarion,0,6
Omer,0,69
Omie,17,0
Ona,65,0
Oneal,0,19
Oneida,2,0
Oneta,7,0
Oney,1,0
Onie,35,0
Onnie,5,0
Opal,81,8
Opha,2,0
Ophelia,79,0
Ora,83,64
Orah,6,0
Oral,2,44
Oralia,29,0
Oran,0,60
Orange,0,14
Orelia,1,0
Oren,0,74
Orene,1,0
Orie,0,21
Orilla,1,0
Orin,0,67
Orion,0,24
Oris,0,14
Orla,0,7
Orland,0,20
Orlando,0,128
Orlena,2,0
Orley,0,6
Orlin,0,1
Orlo,0,8
Orma,1,0
Orpha,57,0
Orra,1,0
Orren,0,2
Orrie,2,6
Orrin,0,62
Orris,0,3
Orson,0,13
Orval,0,74
Orvel,0,4
Orvil,0,24
Orville,0,94
Orvin,0,1
Orvis,0,1
Osa,16,0
Osbaldo,0,1
Osborn,0,1
Osborne,0,10
Oscar,0,129
Osie,27,5
Ossie,47,15
Osvaldo,0,41
Oswald,0,52
Oswaldo,0,8
Ota,2,0
Otelia,9,0
Otha,1,79
Othel,0,1
Otho,0,60
Otis,0,115
Ott,0,2
Ottie,33,3
Ottilia,18,0
Ottilie,20,0
Ottis,0,63
Otto,0,94
Ouida,47,0
Ova,30,1
Ovid,0,2
Ovila,0,1
Owen,0,129
Owens,0,2
Ozell,1,1
Ozella,31,0
Ozie,2,4
Ozzie,0,1
Pablo,0,127
Page,0,3
Paige,54,0
Pairlee,1,0
Paisley,3,0
Paityn,1,0
Pallie,1,0
Palma,36,0
Palmer,0,69
Paloma,14,0
Pam,34,0
Pamala,29,0
Pamela,84,2
Pamelia,2,0
Pamella,15,0
Pandora,1,0
Pansy,73,0
Paola,26,0
Paralee,18,0
Paris,24,63
Park,0,17
Parker,10,108
Parlee,3,0
Parley,0,3
Parrish,0,13
Parthenia,11,0
Pascal,0,3
Pasquale,0,76
Pat,56,94
Pate,0,1
Patience,25,0
Patric,0,4
Patrica,44,0
Patrice,51,0
Patricia,123,41
Patrick,0,129
Patsy,96,51
Patti,51,0
Pattie,88,0
Patty,62,0
Paul,28,129
Paula,129,0
Pauletta,9,0
Paulette,47,0
Paulina,38,0
Pauline,118,3
Paulo,0,6
Paxton,0,12
Payten,1,0
Payton,17,22
Pearl,106,59
Pearla,1,0
Pearle,45,0
Pearlene,4,0
Pearley,0,1
Pearlie,81,6
Pearline,47,0
Pearly,2,0
Pedro,0,129
Peggie,37,0
Peggy,109,0
Penelope,58,0
Penni,8,0
Pennie,36,0
Penny,56,0
Pepper,1,0
Percival,0,14
Percy,0,108
Perla,30,0
Perley,0,17
Permelia,4,0
Pernell,0,8
Perri,1,0
Perry,1,127
Pershing,0,3
Pete,0,116
Peter,0,129
Petra,84,0
Peyton,17,26
Phebe,22,0
Pheobe,2,0
Phil,0,96
Philip,0,129
Phillip,0,129
Phillis,12,0
Philo,0,1
Philomena,63,0
Philomene,4,0
Phoebe,103,0
Phoenix,6,13
Phylicia,6,0
Phylis,22,0
Phyliss,1,0
Phyllis,105,0
Pierce,0,74
Pierre,0,118
Pink,1,29
Pinkey,3,0
Pinkie,51,0
Pinkney,0,13
Piper,10,0
Pleas,0,15
Pleasant,0,15
Ples,0,7
Pluma,4,0
Plummer,0,3
Polk,0,1
Pollie,24,0
Polly,97,0
Porfirio,0,3
Porsche,2,0
Porsha,9,0
Porter,0,79
Portia,39,0
Posey,0,2
Powell,0,1
Pranav,0,8
Pratt,0,1
Precious,31,0
Prentice,0,11
Prentiss,0,2
Presley,11,3
Press,0,10
Preston,0,129
Price,0,37
Pricilla,1,0
Primus,0,1
Prince,0,108
Princess,30,0
Priscila,3,0
Priscilla,129,0
Prosper,0,1
Prudence,59,0
Prudie,4,0
Pryor,0,1
Purl,0,2
Qiana,5,0
Queen,80,0
Queenie,45,0
Quentin,0,101
Quiana,8,0
Quincy,0,91
Quinn,15,50
Quint,0,2
Quinten,0,20
Quintin,0,49
Quinton,0,82
Rachael,122,0
Racheal,26,0
Rachel,129,2
Rachelle,57,0
Racquel,7,0
Rae,101,1
Raegan,12,0
Raekwon,0,5
Raelynn,1,0
Rafael,0,126
Rafaela,2,0
Rafe,0,1
Ragna,3,0
Raheem,0,24
Rahn,0,1
Rahsaan,0,7
Rahul,0,7
Raiden,0,2
Raina,19,0
Rakeem,0,6
Raleigh,0,84
Ralph,2,129
Ramiro,0,86
Ramon,0,129
Ramona,104,0
Ramsey,0,15
Rance,0,1
Rand,0,15
Randal,0,57
Randall,0,124
Randel,0,21
Randell,0,50
Randi,56,0
Randle,0,15
Randolf,0,2
Randolph,0,117
Randy,19,74
Ransom,0,36
Raoul,0,9
Raphael,0,119
Raquan,0,1
Raquel,81,0
Ras,0,2
Rashaad,0,5
Rashaan,0,1
Rashad,0,35
Rashawn,0,24
Rasheed,0,18
Rashida,6,0
Raul,0,101
Raven,32,6
Ray,57,129
Rayan,0,2
Rayburn,0,13
Rayfield,0,2
Rayford,0,57
Raymon,0,64
Raymond,9,129
Raymundo,0,60
Rayna,12,0
Raynard,0,9
Rayne,3,0
Rayshawn,0,4
Reagan,20,13
Reanna,6,0
Reason,0,1
Reatha,13,0
Reba,89,0
Rebeca,33,0
Rebecca,129,1
Rebekah,64,0
Red,0,1
Redden,0,1
Redmond,0,1
Reece,0,35
Reed,0,126
Reese,9,74
Refugio,0,21
Regan,26,9
Regena,1,0
Regenia,6,0
Reggie,0,54
Regina,129,0
Reginal,0,7
Reginald,0,129
Regis,0,49
Reid,0,108
Reilly,8,12
Reina,15,0
Reinaldo,0,18
Reinhold,0,23
Reino,0,6
Rella,11,0
Remington,0,22
Rena,110,0
Renada,1,0
Renae,43,0
Renaldo,0,5
Renard,0,4
Renata,4,0
Rene,46,120
Renea,11,0
Renee,102,0
Renita,25,0
Rennie,2,0
Reno,0,13
Ressie,32,0
Reta,74,0
Retha,73,0
Retta,34,0
Rettie,5,0
Reuben,0,129
Reubin,0,2
Reva,72,0
Rex,0,125
Rexford,0,12
Rey,0,10
Reyes,0,13
Reyna,29,0
Reynaldo,0,88
Reynold,0,50
Reynolds,0,2
Rhea,81,0
Rheta,3,0
Rhett,0,53
Rhianna,5,0
Rhiannon,32,0
Rhoda,95,1
Rhona,1,0
Rhonda,59,0
Rhys,0,5
Rian,0,3
Rianna,2,0
Ricardo,0,99
Ricci,0,1
Rice,0,5
Rich,0,25
Richard,57,129
Richelle,28,0
Richie,0,27
Richmond,0,49
Rick,0,61
Rickey,0,61
Ricki,5,10
Rickie,0,45
Ricky,0,69
Rico,0,31
Ridge,0,2
Rigoberto,0,43
Rihanna,3,0
Rikki,18,0
Riley,19,129
Rilla,33,0
Rillie,1,0
Rinda,2,0
Risa,5,0
Rishi,0,4
Rita,123,0
Ritchie,0,21
River,0,15
Riya,5,0
Rob,0,29
Robb,0,17
Robbie,91,64
Robbin,21,11
Robby,0,40
Robert,106,129
Roberta,112,0
Roberto,0,104
Robin,73,77
Robley,0,1
Robt,0,3
Roby,0,6
Robyn,60,0
Rocco,0,108
Rochelle,68,0
Rocio,34,0
Rock,0,9
Rocky,0,63
Rod,0,34
Roddy,0,12
Roderic,0,3
Roderick,0,121
Rodger,0,76
Rodney,0,129
Rodolfo,0,95
Rodrick,0,44
Rodrigo,0,47
Roe,0,7
Roel,0,10
Roena,2,0
Rogelio,0,78
Roger,0,129
Rogers,0,72
Rohan,0,14
Roland,0,129
Rolanda,7,0
Rolando,0,63
Rolf,0,23
Roll,0,1
Rolla,0,27
Rolland,0,84
Rollie,0,59
Rollin,0,74
Rollo,0,11
Roma,63,2
Romaine,28,0
Roman,0,125
Rome,0,4
Romello,0,2
Romeo,0,70
Romie,0,9
Romona,30,0
Ron,0,61
Rona,27,0
Ronal,0,1
Ronald,11,125
Ronaldo,0,11
Ronan,0,8
Ronda,47,0
Rondal,0,5
Roni,5,0
Ronin,0,2
Ronna,28,0
Ronnie,23,81
Ronny,0,58
Roosevelt,0,99
Rory,2,62
Rosa,129,1
Rosabelle,1,0
Rosalee,62,0
Rosalia,44,0
Rosalie,108,0
Rosalind,89,0
Rosalinda,46,0
Rosaline,21,0
Rosalyn,75,0
Rosamond,45,0
Rosann,11,0
Rosanna,104,0
Rosanne,42,0
Rosaria,1,0
Rosario,36,35
Rosco,0,9
Roscoe,0,97
Rose,129,31
Roseann,48,0
Roseanna,13,0
Roseanne,31,0
Rosella,74,0
Roselyn,47,0
Rosemarie,80,0
Rosemary,125,0
Rosena,7,0
Rosendo,0,19
Rosetta,94,0
Rosevelt,0,45
Rosey,5,0
Rosia,53,0
Rosie,103,0
Rosina,56,0
Rosita,31,0
Roslyn,66,0
Ross,0,129
Rossie,27,2
Roswell,0,11
Rosy,5,0
Rowan,6,10
Rowena,82,0
Rowland,0,57
Roxana,20,0
Roxane,18,0
Roxann,23,0
Roxanna,53,0
Roxanne,65,0
Roxie,86,0
Roxy,6,0
Roy,10,129
Royal,0,91
Royce,0,104
Rozanne,1,0
Rozella,35,0
Rube,0,19
Ruben,0,129
Rubi,9,0
Rubie,50,0
Rubin,0,82
Ruby,129,51
Rubye,57,0
Rudolf,0,23
Rudolfo,0,4
Rudolph,0,113
Rudy,0,113
Rueben,0,22
Ruel,0,7
Ruffin,0,1
Ruffus,0,2
Rufus,0,109
Ruie,2,0
Rupert,0,71
Rush,0,18
Russ,0,29
Russel,0,101
Russell,0,129
Rustin,0,2
Rusty,0,51
Ruth,129,48
Rutha,20,0
Ruthann,22,0
Ruthanne,5,0
Ruthe,14,0
Rutherford,0,7
Ruthie,85,0
Ryan,35,64
Ryann,13,0
Ryder,0,14
Ryker,0,6
Rylan,0,12
Ryland,0,6
Rylee,15,8
Ryleigh,10,0
Ryley,0,4
Rylie,12,0
Ryne,0,12
Sabastian,0,4
Sabina,40,0
Sable,1,0
Sabra,9,0
Sabrina,55,0
Sada,6,0
Sade,16,0
Sadie,120,0
Sadye,31,0
Sage,16,18
Saige,10,0
Saint,0,2
Sal,0,24
Salena,2,0
Salina,19,0
Sallie,90,0
Sally,124,0
Salma,12,0
Salome,24,0
Salomon,0,1
Salvador,0,108
Salvatore,0,116
Sam,0,129
Samantha,70,1
Samara,12,0
Samatha,6,0
Samie,0,1
Samir,0,24
Samira,4,0
Sammie,63,97
Sammy,0,100
Sampson,0,28
Samson,0,23
Samual,0,10
Samuel,0,129
Sanaa,6,0
Sanai,2,0
Sanders,0,22
Sandi,37,0
Sandie,3,0
Sandra,95,17
Sandy,71,98
Sanford,0,94
Saniya,6,0
Saniyah,5,0
Sanjuana,2,0
Sanjuanita,5,0
Sannie,1,0
Santa,22,0
Santana,6,1
Santiago,0,121
Santina,9,0
Santino,0,7
Santo,0,32
Santos,15,107
Sara,129,0
Sarah,129,20
Sarahi,9,0
Sarai,21,0
Sariah,5,0
Sarina,10,0
Sarita,3,0
Sarrah,4,0
Sasha,37,0
Saul,0,125
Saundra,41,0
Savana,10,0
Savanah,20,0
Savanna,25,0
Savannah,72,0
Saverio,0,1
Savilla,1,0
Savion,0,11
Savon,0,3
Sawyer,0,18
Scarlet,3,0
Scarlett,23,0
Schley,0,1
Schuyler,0,11
Scot,0,38
Scott,2,129
Scottie,0,35
Scotty,0,56
Seaborn,0,5
Seamus,0,14
Sean,0,66
Sebastian,0,104
Sebrina,2,0
Sedrick,0,11
Selah,4,0
Seldon,0,3
Selena,82,0
Selene,4,0
Selina,77,0
Selma,77,0
Selmer,0,10
Semaj,0,9
Sena,26,0
Seneca,0,5
Senora,1,0
Serena,88,0
Serenity,12,0
Sergio,0,65
Serina,2,0
Seth,0,129
Severo,0,1
Severt,0,2
Seward,0,4
Seymour,0,67
Shad,0,16
Shade,0,6
Shae,1,0
Shafter,0,1
Shaina,19,0
Shakira,19,0
Shalon,1,0
Shalonda,15,0
Shamar,0,13
Shameka,16,0
Shamika,16,0
Shan,0,2
Shana,37,0
Shanae,7,0
Shanda,23,0
Shandra,1,0
Shane,3,56
Shaneka,3,0
Shanell,6,0
Shanelle,2,0
Shanequa,2,0
Shani,8,0
Shania,14,0
Shanice,12,0
Shaniece,1,0
Shanika,17,0
Shaniqua,6,0
Shanita,8,0
Shaniya,10,0
Shanna,37,0
Shannan,15,0
Shannen,1,0
Shannon,72,68
Shanon,15,9
Shanta,17,0
Shante,17,0
Shantel,28,0
Shantell,17,0
Shaquan,0,5
Shaquana,1,0
Shaquille,0,6
Shaquita,2,0
Shara,13,0
Shardae,1,0
Sharday,1,0
Sharde,1,0
Sharee,1,0
Sharen,18,0
Shari,54,0
Sharif,0,3
Sharita,3,0
Sharla,23,0
Sharleen,1,0
Sharlene,41,0
Sharman,2,0
Sharon,84,17
Sharonda,20,0
Sharron,41,0
Sharyl,3,0
Sharyn,17,0
Shasta,11,0
Shatara,1,0
Shaun,5,57
Shauna,51,0
Shaunna,2,0
Shavon,8,0
Shavonne,6,0
Shawanda,7,0
Shawn,40,62
Shawna,48,0
Shawnda,6,0
Shawnee,1,0
Shawnna,1,0
Shawnte,1,0
Shay,3,15
Shayla,34,0
Shaylee,12,0
Shayna,33,0
Shayne,0,45
Shea,31,35
Shedrick,0,5
Sheena,23,0
Sheila,90,0
Sheilah,1,0
Shelba,8,0
Shelbi,10,0
Shelbie,9,0
Shelby,74,120
Sheldon,0,115
Shelia,46,0
Shelley,54,6
Shelli,19,0
Shellie,31,4
Shelly,52,11
Shelton,0,102
Shelva,5,0
Shelvia,2,0
Shelvie,1,0
Shemar,0,6
Shena,3,0
Shenna,1,0
Shep,0,1
Shepherd,0,1
Sheree,35,0
Sheri,49,0
Sheridan,5,6
Sherie,18,0
Sherilyn,8,0
Sherita,12,0
Sherlyn,6,0
Sherman,0,115
Sheron,12,0
Sherree,3,0
Sherri,50,0
Sherrie,52,0
Sherrill,31,14
Sherron,10,0
Sherry,71,0
Sherryl,21,0
Sherwin,0,12
Sherwood,0,54
Sheryl,52,0
Sheryll,1,0
Sheyla,2,0
Shianne,4,0
Shiela,16,0
Shiloh,2,0
Shira,1,0
Shirl,2,0
Shirlee,32,0
Shirleen,1,0
Shirlene,31,0
Shirley,127,76
Shirleyann,1,0
Shirlie,2,0
Shoji,0,1
Shon,0,16
Shona,2,0
Shonda,20,0
Shonna,7,0
Shreya,4,0
Shyann,15,0
Shyanne,16,0
Shyheim,0,1
Shyla,4,0
Sibbie,1,0
Sibyl,42,0
Sid,0,31
Siddie,1,0
Sidney,80,129
Sie,0,2
Siena,4,0
Sienna,14,0
Sierra,31,0
Sigmund,0,23
Signa,2,0
Signe,30,0
Sigrid,21,0
Sigurd,0,6
Silas,0,128
Silver,0,1
Silvester,0,3
Silvia,62,0
Silvio,0,16
Sim,0,30
Simeon,0,37
Simmie,0,3
Simon,0,129
Simona,1,0
Simone,54,0
Simpson,0,5
Sina,16,0
Sincere,0,9
Sinda,1,0
Sing,0,2
Siobhan,9,0
Sister,9,0
Skip,0,13
Sky,7,0
Skye,22,0
Skyla,11,0
Skylar,19,28
Skyler,19,28
Slade,0,2
Sloane,1,0
Smith,0,50
Socorro,34,0
Sofia,72,0
Sol,0,58
Soledad,2,0
Soloman,0,8
Solomon,0,129
Solon,0,6
Somer,1,0
Sommer,9,0
Son,0,21
Sondra,59,0
Sonia,100,0
Sonja,63,0
Sonji,1,0
Sonny,0,89
Sonya,75,0
Sophia,129,0
Sophie,101,0
Sophronia,27,0
Soren,0,6
Spencer,0,129
Spenser,0,10
Spring,5,0
Spurgeon,0,15
Squire,0,11
Stacey,57,43
Staci,34,0
Stacia,29,0
Stacie,41,0
Stacy,59,69
Stafford,0,4
Stan,0,41
Stanford,0,75
Stanislaus,0,5
Stanley,0,129
Stanton,0,67
Star,5,0
Starla,26,0
Starling,0,5
Starr,22,0
Stasia,11,0
Stefan,0,58
Stefani,13,0
Stefanie,40,0
Stella,118,0
Stephaine,4,0
Stephan,0,74
Stephani,2,0
Stephania,10,0
Stephanie,112,9
Stephany,26,0
Stephen,0,129
Stephenie,17,0
Stephon,0,28
Sterling,0,129
Stetson,0,6
Stevan,0,15
Steve,0,129
Steven,5,129
Stevie,16,45
Steward,0,4
Stewart,0,118
Stone,0,13
Stonewall,0,5
Stoney,0,7
Storm,0,7
Stormy,7,0
Stuart,0,124
Sudie,49,0
Sue,105,0
Suellen,16,0
Sula,29,0
Sullivan,0,17
Summer,38,0
Sumner,0,26
Sunday,1,0
Sunny,11,0
Sunshine,8,0
Susan,129,25
Susana,58,0
Susann,12,0
Susanna,118,0
Susannah,14,0
Susanne,71,0
Susie,107,1
Sussie,1,0
Suzan,29,0
Suzann,17,0
Suzanna,28,0
Suzanne,109,0
Suzette,34,0
Suzie,7,0
Suzy,10,0
Sybil,85,0
Sybilla,1,0
Syble,41,0
Sydell,1,0
Sydnee,15,0
Sydney,64,80
Sydni,10,0
Sydnie,10,0
Syed,0,11
Sylva,1,0
Sylvan,0,30
Sylvania,1,0
Sylvanus,0,4
Sylvester,0,114
Sylvia,129,0
Symone,4,0
Syreeta,6,0
Tab,0,5
Tabatha,32,0
Tabetha,5,0
Tabitha,49,0
Tad,0,33
Taft,0,6
Tahj,0,2
Tai,1,0
Taina,1,0
Taj,0,2
Taja,1,0
Takisha,5,0
Tal,0,1
Talan,0,4
Talen,0,2
Talia,32,0
Taliyah,8,0
Tallie,0,1
Talmadge,0,53
Talmage,0,14
Talon,0,19
Tamala,9,0
Tamara,70,0
Tamatha,8,0
Tambra,1,0
Tameka,20,0
Tamekia,4,0
Tamela,20,0
Tamera,32,0
Tami,33,0
Tamia,13,0
Tamica,6,0
Tamie,10,0
Tamika,26,0
Tamiko,9,0
Tamisha,1,0
Tammi,26,0
Tammie,29,0
Tammy,52,7
Tamra,32,0
Tamya,2,0
Tana,43,0
Tandy,0,2
Tanesha,20,0
Tangela,11,0
Tania,49,0
Tanika,11,0
Tanisha,29,0
Taniya,8,0
Taniyah,6,0
Tanja,4,0
Tanner,0,33
Tanya,71,0
Tara,60,0
Tarah,12,0
Tari,1,0
Tarik,0,11
Tariq,0,14
Tarsha,6,0
Taryn,38,0
Tasha,32,0
Tashina,1,0
Tasia,4,0
Tate,0,26
Tatia,1,0
Tatiana,29,0
Tatianna,10,0
Tatsuo,0,1
Tatum,14,0
Tatyana,16,0
Tatyanna,1,0
Taurean,0,6
Taurus,0,6
Tavares,0,10
Tavaris,0,1
Tavian,0,1
Tavion,0,2
Tavon,0,8
Tawana,19,0
Tawanda,13,0
Tawanna,10,0
Tawny,5,0
Tawnya,14,0
Taya,8,0
Tayla,2,0
Tayler,18,6
Taylor,30,129
Tayshaun,0,2
Tea,2,0
Teagan,10,5
Ted,0,117
Teddie,0,1
Teddy,0,97
Teela,1,0
Teena,19,0
Tegan,0,1
Tella,1,0
Telly,0,4
Tempie,28,0
Tena,57,0
Tenika,1,0
Tenisha,9,0
Tennessee,6,0
Tennie,40,0
Tennille,3,0
Tera,21,0
Terance,0,3
Terell,0,2
Terence,0,77
Teresa,129,0
Terese,18,0
Teressa,21,0
Teri,47,0
Terra,27,0
Terrance,0,77
Terrell,0,79
Terrence,0,95
Terri,57,0
Terrie,36,0
Terrill,0,24
Terry,69,127
Tess,26,0
Tessa,43,0
Tessie,56,0
Tevin,0,11
Tex,0,10
Texanna,3,0
Texas,3,0
Texie,6,0
Thad,0,84
Thaddeus,0,128
Thalia,18,0
Thea,24,0
Theadore,0,59
Theda,35,0
Thedore,0,4
Thekla,4,0
Thelma,99,8
Theo,50,62
Theodis,0,2
Theodocia,1,0
Theodora,73,0
Theodore,0,129
Theodosia,14,0
Theola,17,0
Theophile,0,4
Theresa,129,0
Therese,103,0
Theresia,20,0
Therman,0,1
Theron,0,105
Theta,1,0
Thomas,73,129
Thomasina,1,0
Thompson,0,4
Thor,0,6
Thora,34,0
Thornton,0,45
Thorwald,0,1
Thos,0,5
Thresa,2,0
Thurlow,0,1
Thurman,0,96
Thursa,1,0
Thurston,0,25
Thyra,4,0
Tia,48,0
Tiana,34,0
Tianna,22,0
Tiara,28,0
Tiarra,4,0
Tiera,9,0
Tierra,23,0
Tiesha,1,0
Tiffani,33,0
Tiffanie,26,0
Tiffany,47,1
Tilda,29,0
Tilden,0,1
Tilla,3,0
Tillie,62,0
Tillman,0,50
Tilman,0,2
Tim,0,104
Timmie,0,15
Timmothy,0,25
Timmy,0,51
Timothy,5,129
Tina,127,1
Tiney,1,0
Tinie,2,0
Tinnie,9,0
Tiny,19,0
Tisa,1,0
Tisha,19,0
Tishie,4,0
Tito,0,4
Titus,0,55
Tobe,0,22
Tobi,2,0
Tobias,0,51
Tobie,0,1
Tobin,0,16
Toby,24,76
Toccara,3,0
Tod,0,25
Todd,0,75
Toivo,0,8
Tolbert,0,5
Tollie,0,4
Tom,1,115
Toma,0,1
Tomas,0,128
Tomasa,24,0
Tomeka,10,0
Tomie,0,11
Tomika,9,0
Tommie,88,112
Tommy,0,128
Tonda,4,0
Toney,0,65
Toni,85,0
Tonia,37,0
Tonja,18,0
Tony,0,129
Tonya,56,0
Torey,0,7
Tori,50,0
Toriano,0,3
Torie,1,0
Torrance,0,11
Torrence,0,7
Torrey,0,23
Torrie,2,0
Torry,0,1
Tory,2,28
Tosha,21,0
Toshiko,2,0
Toshio,0,2
Towanda,3,0
Toy,0,8
Toya,9,0
Trace,0,22
Tracee,5,0
Tracey,47,24
Traci,38,0
Tracie,36,0
Tracy,69,116
Trae,0,6
Travis,0,125
Travon,0,23
Trayvon,0,3
Tre,0,13
Treasure,1,0
Treena,1,0
Tremaine,0,10
Tremayne,0,13
Trena,19,0
Trent,0,57
Trenten,0,1
Trenton,0,46
Tresa,15,0
Tressa,45,0
Tressie,60,0
Treva,78,0
Trever,0,32
Trevin,0,7
Trevion,0,6
Trevon,0,20
Trevor,0,51
Trey,0,45
Treyton,0,2
Treyvon,0,7
Tricia,42,0
Trilby,1,0
Trina,45,0
Trinidad,17,30
Trinity,22,7
Tripp,0,1
Trish,4,0
Trisha,40,0
Trista,29,0
Tristan,10,38
Tristen,4,14
Tristian,0,14
Tristin,0,14
Triston,0,14
Troy,1,129
Trudi,3,0
Trudie,25,0
Trudy,48,0
True,0,1
Trula,12,0
Trumaine,0,1
Truman,0,86
Trystan,0,8
Tuan,0,2
Tucker,0,30
Tula,5,0
Turner,0,62
Twila,74,0
Twyla,35,0
Ty,0,54
Tye,0,5
Tyesha,11,0
Tyler,24,68
Tylor,0,21
Tyquan,0,8
Tyra,31,0
Tyree,0,36
Tyreek,0,3
Tyreese,0,1
Tyrek,0,3
Tyreke,0,1
Tyrel,0,13
Tyrell,0,30
Tyrese,0,11
Tyrik,0,1
Tyrin,0,1
Tyriq,0,2
Tyrique,0,3
Tyron,0,39
Tyrone,0,72
Tyrus,0,2
Tyshawn,0,17
Tyson,0,43
Ula,11,0
Ulises,0,21
Ulysses,0,124
Una,62,0
Unique,9,0
Unknown,18,47
Unnamed,0,1
Ura,6,0
Urban,0,45
Uriah,0,16
Uriel,0,24
Urijah,0,1
Ursula,97,0
Vada,67,0
Val,1,47
Valarie,44,0
Valencia,38,0
Valentin,0,30
Valentina,15,0
Valentine,2,73
Valentino,0,5
Valeria,120,0
Valerie,119,0
Valery,4,0
Valinda,1,0
Vallie,44,0
Valorie,23,0
Van,0,116
Vance,0,126
Vander,0,2
Vanesa,8,0
Vanessa,59,0
Vannie,7,0
Vara,1,0
Vashon,0,2
Vashti,9,0
Vassie,13,0
Vaughn,0,116
Veda,76,0
Vela,1,0
Velda,60,0
Velia,2,0
Vella,28,0
Velma,94,0
Velva,47,0
Velvet,4,0
Vena,42,0
Venessa,13,0
Venice,1,0
Venie,3,0
Venita,38,0
Vennie,11,0
Venus,29,0
Veola,8,0
Vera,104,1
Verda,64,0
Verdell,4,0
Verdie,44,0
Vere,0,1
Verena,3,0
Vergie,56,0
Vergil,0,13
Verl,0,30
Verla,52,0
Verle,0,16
Verlene,7,0
Verlie,28,0
Verlin,0,41
Verlon,0,3
Verlyn,0,7
Vern,0,89
Verna,94,1
Vernal,0,4
Verne,5,76
Vernell,43,13
Vernelle,1,0
Verner,0,34
Vernetta,1,0
Vernia,1,0
Vernice,53,0
Vernie,55,46
Vernita,4,0
Vernon,9,124
Verona,47,0
Veronica,129,0
Versa,1,0
Versie,30,0
Vertie,26,0
Vessie,3,0
Vesta,63,0
Vester,0,46
Veta,5,0
Veva,23,0
Vic,0,9
Vicente,0,107
Vicie,5,0
Vick,0,1
Vickey,24,0
Vicki,54,0
Vickie,48,0
Vicky,53,0
Victor,0,129
Victoria,129,0
Victoriano,0,1
Victorine,3,0
Victory,1,0
Vicy,1,0
Vida,65,0
Vidal,0,2
Vikki,28,0
Villa,6,0
Vilma,17,0
Vina,56,0
Vince,0,45
Vincent,0,129
Vincenza,26,0
Vincenzo,0,20
Viney,3,0
Vinie,2,0
Vinnie,41,0
Vinson,0,6
Vinton,0,1
Viola,93,2
Violet,107,0
Violeta,1,0
Violetta,1,0
Violette,31,0
Vira,13,0
Virdie,3,0
Virge,0,1
Virgel,0,1
Virgia,3,0
Virgie,77,2
Virgil,7,112
Virginia,129,16
Virgle,0,35
Viridiana,4,0
Vita,21,0
Vito,0,84
Viva,49,0
Vivian,129,50
Viviana,30,0
Vivien,24,0
Vivienne,18,0
Vlasta,8,0
Vollie,0,1
Volney,0,5
Von,0,34
Vonda,51,0
Vonetta,2,0
Vonnie,19,0
Wade,0,129
Waino,0,2
Waldemar,0,9
Waldo,0,64
Walker,0,100
Wallace,0,114
Wally,0,38
Walt,0,8
Walter,40,129
Walton,0,71
Wanda,110,0
Waneta,22,0
Wanita,2,0
Ward,0,93
Wardell,0,44
Warner,0,83
Warren,0,129
Wash,0,30
Washington,0,38
Watson,0,48
Watt,0,5
Wava,5,0
Waverly,0,9
Wayde,0,3
Wayland,0,24
Waylon,0,35
Wayman,0,19
Waymon,0,55
Wayne,0,129
Weaver,0,5
Webb,0,15
Webster,0,64
Weldon,0,85
Wellington,0,31
Wells,0,2
Welton,0,15
Wende,1,0
Wendel,0,1
Wendell,0,114
Wendi,30,0
Wendy,73,0
Wenzel,0,1
Werner,0,34
Wes,0,18
Wesley,0,129
Wess,0,2
West,0,32
Westley,0,25
Weston,0,60
Wheeler,0,15
Whit,0,6
Whitley,6,0
Whitney,47,43
Wilber,0,65
Wilbert,0,110
Wilbur,0,103
Wilburn,0,83
Wilda,74,0
Wiley,0,95
Wilford,0,87
Wilfred,0,104
Wilfredo,0,43
Wilfrid,0,17
Wilhelm,0,6
Wilhelmina,73,0
Wilhelmine,15,0
Wiliam,0,1
Wilkie,0,1
Will,3,129
Willa,83,0
Willaim,0,1
Willam,0,51
Willard,0,110
Willene,23,0
Willia,40,0
William,108,129
Williams,0,75
Willian,0,36
Williard,0,6
Willie,93,129
Williemae,3,0
Willis,0,114
Willodean,6,0
Willow,11,0
Willy,0,1
Wilma,94,0
Wilmer,0,86
Wilson,0,129
Wilton,0,80
Windell,0,19
Windy,14,0
Winfield,0,72
Winford,0,47
Winfred,0,83
Wing,0,1
Winifred,86,1
Winnie,76,2
Winnifred,58,0
Winona,77,0
Winston,0,122
Winter,2,0
Winthrop,0,4
Winton,0,8
Wirt,0,2
Wm,0,47
Wong,0,15
Wood,0,2
Woodie,0,14
Woodroe,0,7
Woodrow,0,77
Woodson,0,5
Woody,0,29
Worley,0,1
Worth,0,29
Wright,0,18
Wyatt,0,106
Wylie,0,58
Wyman,0,14
Wynona,26,0
Xander,0,10
Xavier,0,62
Xena,2,0
Ximena,8,0
Xiomara,5,0
Xzavier,0,9
Yaakov,0,2
Yadiel,0,1
Yadira,33,0
Yael,0,2
Yahaira,2,0
Yahir,0,7
Yair,0,6
Yajaira,5,0
Yamilet,3,0
Yamilex,1,0
Yancy,0,6
Yandel,0,3
Yareli,7,0
Yaretzi,3,0
Yaritza,9,0
Yasmeen,8,0
Yasmin,26,0
Yasmine,19,0
Yazmin,16,0
Yee,0,6
Yehuda,0,3
Yesenia,38,0
Yessenia,17,0
Yetta,41,0
Yoel,0,3
Yolanda,98,0
Yolonda,11,0
York,0,1
Yosef,0,10
Yoselin,7,0
Yoshiko,10,0
Yoshio,0,11
Young,0,16
Yuliana,8,0
Yulisa,1,0
Yulissa,1,0
Yurem,0,2
Yuridia,3,0
Yusuf,0,7
Yvette,95,0
Yvonne,110,0
Zachariah,0,37
Zachary,0,63
Zachery,0,36
Zack,0,50
Zackary,0,33
Zackery,0,32
Zada,30,0
Zadie,16,0
Zaid,0,3
Zaida,3,0
Zaiden,0,1
Zain,0,8
Zaire,0,9
Zakary,0,17
Zana,2,0
Zander,0,9
Zandra,3,0
Zane,0,88
Zaniyah,2,0
Zara,4,0
Zaria,13,0
Zariah,5,0
Zavier,0,8
Zayden,0,3
Zayne,0,5
Zeb,0,20
Zebulon,0,5
Zechariah,0,23
Zed,0,1
Zeke,0,4
Zela,1,0
Zelda,83,0
Zelia,6,0
Zella,71,0
Zelma,76,0
Zelpha,6,0
Zena,27,0
Zenas,0,1
Zeno,0,5
Zenobia,19,0
Zeta,1,0
Zetta,29,0
Zettie,20,0
Zhane,2,0
Zigmund,0,4
Zillah,3,0
Zilpah,1,0
Zilpha,7,0
Zina,10,0
Zion,4,11
Zita,27,0
Zoa,7,0
Zoe,99,0
Zoey,14,0
Zoie,11,0
Zola,62,0
Zollie,0,8
Zona,62,0
Zora,59,0
Zula,53,0
